Country,Year,Undernourishment_Pct
Zambia,2016,33.4
Zimbabwe,2016,32.8
Zambia,2017,31.8
Zimbabwe,2017,30.9
"Venezuela, RB",2009,2.5
Vietnam,2009,11.3
Zambia,2009,44.9
Zimbabwe,2009,28.0
Zambia,2018,31.5
Zimbabwe,2018,31.0
Zambia,2011,42.8
Zimbabwe,2011,29.9
Zambia,2014,37.3
Zimbabwe,2014,33.4
Zambia,2012,41.1
Zimbabwe,2012,29.6
Vanuatu,2002,9.1
"Venezuela, RB",2002,14.2
Vietnam,2002,17.7
Zambia,2002,50.1
Zimbabwe,2002,31.8
"Venezuela, RB",2010,2.5
Vietnam,2010,10.4
Zambia,2010,43.9
Zimbabwe,2010,29.2
Uzbekistan,2001,19.0
Vanuatu,2001,9.2
"Venezuela, RB",2001,14.1
Vietnam,2001,19.5
Zambia,2001,50.3
Zimbabwe,2001,32.8
Zambia,2020,33.9
Zimbabwe,2020,28.2
Uruguay,2003,3.0
Uzbekistan,2003,18.9
Vanuatu,2003,8.9
"Venezuela, RB",2003,13.8
Vietnam,2003,16.0
Zambia,2003,50.1
Zimbabwe,2003,31.4
"Venezuela, RB",2008,2.6
Vietnam,2008,12.5
Zambia,2008,45.6
Zimbabwe,2008,27.1
Vietnam,2005,15.2
Zambia,2005,49.4
Zimbabwe,2005,29.5
Afghanistan,2011,18.6
Albania,2011,4.9
Algeria,2011,3.7
Angola,2011,14.8
Argentina,2011,3.7
Armenia,2011,2.5
Afghanistan,2010,17.7
Albania,2010,5.4
Algeria,2010,4.1
Angola,2010,16.2
Argentina,2010,3.7
Armenia,2010,2.5
Zambia,2021,35.7
Zimbabwe,2021,24.8
Uzbekistan,2007,8.0
Vanuatu,2007,7.6
"Venezuela, RB",2007,4.4
Vietnam,2007,13.8
Zambia,2007,46.8
Zimbabwe,2007,27.9
United States,2013,2.5
Uruguay,2013,2.5
Uzbekistan,2013,2.5
Vanuatu,2013,7.6
"Venezuela, RB",2013,2.5
Vietnam,2013,8.4
Zambia,2013,39.1
Zimbabwe,2013,31.1
Uzbekistan,2022,2.5
Vanuatu,2022,8.0
"Venezuela, RB",2022,7.3
Vietnam,2022,5.4
Zambia,2022,36.2
Zimbabwe,2022,21.4
European Union,2013,2.57
Afghanistan,2008,19.7
Albania,2008,7.3
Algeria,2008,5.0
Angola,2008,24.4
Argentina,2008,3.2
Armenia,2008,5.1
Australia,2008,2.5
Chile,2014,3.3
China,2014,2.5
Colombia,2014,5.8
Comoros,2014,14.5
"Congo, Dem. Rep.",2014,31.1
"Congo, Rep.",2014,29.6
Costa Rica,2014,2.7
Côte d’Ivoire,2014,14.6
Croatia,2014,2.5
Central African Republic,2017,25.3
Chad,2017,26.7
Chile,2017,3.1
China,2017,2.5
Colombia,2017,4.2
Comoros,2017,13.1
"Congo, Dem. Rep.",2017,32.7
"Congo, Rep.",2017,30.2
Costa Rica,2017,2.5
Côte d’Ivoire,2017,10.6
European Union,2012,2.58
European Union,2009,2.58
European Union,2002,2.66
Jordan,2014,7.6
Kazakhstan,2014,2.5
Kenya,2014,19.0
Kiribati,2014,3.0
"Korea, Dem. People's Rep.",2014,44.5
"Korea, Rep.",2014,2.5
Kuwait,2014,2.5
Kyrgyz Republic,2014,5.9
European Union,2006,2.61
European Union,2017,2.53
Chad,2013,23.8
Chile,2013,3.4
China,2013,2.5
Colombia,2013,7.0
Comoros,2013,15.0
"Congo, Dem. Rep.",2013,30.8
"Congo, Rep.",2013,32.7
Costa Rica,2013,2.9
Côte d’Ivoire,2013,15.5
Croatia,2013,2.5
European Union,2015,2.56
Uruguay,2015,2.5
Uzbekistan,2015,2.5
Vanuatu,2015,7.4
"Venezuela, RB",2015,11.3
Vietnam,2015,8.0
Zambia,2015,35.1
Zimbabwe,2015,34.3
Morocco,2016,3.7
Mozambique,2016,41.6
Myanmar,2016,3.8
Namibia,2016,20.6
Nepal,2016,5.9
Netherlands,2016,2.5
New Caledonia,2016,7.6
New Zealand,2016,2.5
Nicaragua,2016,16.3
Niger,2016,12.0
Belarus,2016,2.5
Belgium,2016,2.5
Belize,2016,6.1
Benin,2016,9.7
Bolivia,2016,14.9
Bosnia and Herzegovina,2016,2.5
Botswana,2016,20.9
Brazil,2016,2.5
Chile,2016,3.3
China,2016,2.5
Colombia,2016,4.4
Comoros,2016,13.5
"Congo, Dem. Rep.",2016,32.3
"Congo, Rep.",2016,29.6
Costa Rica,2016,2.5
Côte d’Ivoire,2016,11.5
Croatia,2016,2.5
Central African Republic,2009,27.6
Chad,2009,24.1
Chile,2009,3.3
China,2009,2.9
Colombia,2009,11.1
Comoros,2009,15.3
"Congo, Dem. Rep.",2009,28.4
"Congo, Rep.",2009,37.7
Costa Rica,2009,3.1
Côte d’Ivoire,2009,17.6
European Union,2004,2.63
"Hong Kong SAR, China",2017,2.5
Hungary,2017,2.5
Iceland,2017,2.5
India,2017,10.6
Indonesia,2017,6.0
"Iran, Islamic Rep.",2017,8.0
Iraq,2017,16.0
Ireland,2017,2.5
Israel,2017,2.5
Italy,2017,2.5
European Union,2019,2.51
Uganda,2011,17.7
Ukraine,2011,2.5
United Arab Emirates,2011,4.9
United Kingdom,2011,2.5
United States,2011,2.5
Uruguay,2011,2.5
Uzbekistan,2011,2.8
Vanuatu,2011,7.1
"Venezuela, RB",2011,2.5
Vietnam,2011,9.3
Jamaica,2017,7.3
Jordan,2017,9.2
Kazakhstan,2017,2.5
Kenya,2017,23.6
Kiribati,2017,3.2
"Korea, Dem. People's Rep.",2017,47.5
"Korea, Rep.",2017,2.5
Kuwait,2017,2.5
Kyrgyz Republic,2017,5.5
European Union,2001,2.7
Hungary,2014,2.5
Iceland,2014,2.5
India,2014,12.6
Indonesia,2014,7.8
"Iran, Islamic Rep.",2014,7.6
Iraq,2014,15.3
Ireland,2014,2.5
Israel,2014,2.5
Italy,2014,2.5
Jamaica,2014,7.5
United States,2019,2.5
Uruguay,2019,2.5
Uzbekistan,2019,2.5
Vanuatu,2019,7.9
"Venezuela, RB",2019,24.1
Vietnam,2019,6.4
Zambia,2019,32.1
Zimbabwe,2019,30.0
Morocco,2013,4.1
Mozambique,2013,26.4
Myanmar,2013,6.4
Namibia,2013,23.3
Nepal,2013,8.7
Netherlands,2013,2.5
New Caledonia,2013,8.2
New Zealand,2013,2.5
Nicaragua,2013,17.3
Niger,2013,14.5
Nigeria,2013,11.4
Jordan,2016,8.0
Kazakhstan,2016,2.5
Kenya,2016,22.2
Kiribati,2016,3.1
"Korea, Dem. People's Rep.",2016,46.0
"Korea, Rep.",2016,2.5
Kuwait,2016,2.5
Kyrgyz Republic,2016,5.9
Latvia,2016,2.5
Mongolia,2012,13.0
Montenegro,2012,2.5
Morocco,2012,4.3
Mozambique,2012,21.6
Myanmar,2012,7.4
Namibia,2012,25.1
Nepal,2012,9.4
Netherlands,2012,2.5
New Caledonia,2012,8.3
New Zealand,2012,2.5
Canada,2018,2.5
Central African Republic,2018,24.4
Chad,2018,28.1
Chile,2018,3.0
China,2018,2.5
Colombia,2018,4.2
Comoros,2018,13.2
"Congo, Dem. Rep.",2018,32.5
"Congo, Rep.",2018,29.7
Costa Rica,2018,2.5
Tanzania,2014,21.1
Thailand,2014,8.2
Timor-Leste,2014,14.8
Togo,2014,20.0
Trinidad and Tobago,2014,6.7
Tunisia,2014,2.9
Türkiye,2014,2.5
Turkmenistan,2014,3.6
Uganda,2014,23.8
Haiti,2018,41.2
Honduras,2018,13.1
"Hong Kong SAR, China",2018,2.5
Hungary,2018,2.5
Iceland,2018,2.5
India,2018,10.5
Indonesia,2018,6.0
"Iran, Islamic Rep.",2018,8.0
Iraq,2018,15.8
Ireland,2018,2.5
Israel,2018,2.5
European Union,2003,2.64
Cambodia,2011,9.2
Cameroon,2011,4.3
Canada,2011,2.5
Central African Republic,2011,26.3
Chad,2011,24.0
Chile,2011,3.7
China,2011,2.5
Colombia,2011,10.0
Comoros,2011,15.9
"Congo, Dem. Rep.",2011,29.6
Bosnia and Herzegovina,2012,2.5
Botswana,2012,21.3
Brazil,2012,2.5
Bulgaria,2012,4.8
Burkina Faso,2012,14.1
Cabo Verde,2012,14.6
Cambodia,2012,8.5
Cameroon,2012,4.1
Canada,2012,2.5
Central African Republic,2012,28.7
Chad,2012,23.5
Chile,2012,3.5
China,2012,2.5
Colombia,2012,8.6
Comoros,2012,15.6
"Congo, Dem. Rep.",2012,30.5
"Congo, Rep.",2012,37.4
Costa Rica,2012,3.1
Botswana,2017,22.1
Brazil,2017,2.5
Bulgaria,2017,3.4
Burkina Faso,2017,14.0
Cabo Verde,2017,15.5
Cambodia,2017,6.3
Cameroon,2017,6.0
Canada,2017,2.5
Zimbabwe,2004,30.6
Belarus,2014,2.5
Belgium,2014,2.5
Belize,2014,6.4
Benin,2014,9.2
Bolivia,2014,17.2
Bosnia and Herzegovina,2014,2.5
Botswana,2014,20.1
Brazil,2014,2.5
Hungary,2016,2.5
Iceland,2016,2.5
India,2016,11.6
Indonesia,2016,6.6
"Iran, Islamic Rep.",2016,7.7
Iraq,2016,16.1
Ireland,2016,2.5
Israel,2016,2.5
Italy,2016,2.5
Jamaica,2016,7.6
Latin America & Caribbean (IDA & IBRD),2007,7.35
Ghana,2016,9.5
Greece,2016,2.5
Guatemala,2016,14.6
Guinea,2016,14.0
Guinea-Bissau,2016,19.8
Guyana,2016,3.4
Haiti,2016,38.7
Honduras,2016,13.7
"Hong Kong SAR, China",2016,2.5
Algeria,2017,2.5
Angola,2017,15.4
Argentina,2017,3.5
Armenia,2017,2.5
Australia,2017,2.5
Austria,2017,2.5
Azerbaijan,2017,2.5
Niger,2017,11.1
Nigeria,2017,11.5
North Macedonia,2017,2.9
Norway,2017,2.5
Oman,2017,7.0
Pakistan,2017,11.7
Panama,2017,5.8
Papua New Guinea,2017,28.3
Paraguay,2017,2.6
Peru,2017,6.5
Latvia,2014,2.5
Lebanon,2014,5.3
Liberia,2014,36.6
Libya,2014,10.2
Lithuania,2014,2.5
Luxembourg,2014,2.5
"Macao SAR, China",2014,6.7
Madagascar,2014,32.1
Malawi,2014,15.5
Malaysia,2014,3.8
Jordan,2013,8.2
Kazakhstan,2013,2.5
Kenya,2013,18.9
Kiribati,2013,3.1
"Korea, Dem. People's Rep.",2013,43.7
"Korea, Rep.",2013,2.5
Kuwait,2013,2.5
Kyrgyz Republic,2013,6.1
Latvia,2013,2.5
Angola,2014,13.2
Argentina,2014,2.9
Armenia,2014,2.5
Australia,2014,2.5
Austria,2014,2.5
Azerbaijan,2014,2.5
Bangladesh,2014,15.6
Barbados,2014,2.5
European Union,2010,2.58
Myanmar,2009,11.1
Namibia,2009,28.2
Nepal,2009,11.7
Netherlands,2009,2.5
New Caledonia,2009,8.5
New Zealand,2009,2.5
Nicaragua,2009,19.3
Niger,2009,14.3
Nigeria,2009,9.9
North Macedonia,2009,3.3
Norway,2009,2.5
Montenegro,2017,2.5
Morocco,2017,3.5
Mozambique,2017,38.3
Myanmar,2017,3.5
Namibia,2017,20.0
Nepal,2017,4.9
Netherlands,2017,2.5
New Caledonia,2017,7.4
New Zealand,2017,2.5
Nicaragua,2017,15.6
European Union,2016,2.56
Portugal,2013,2.5
Romania,2013,2.5
Russian Federation,2013,2.5
Rwanda,2013,35.7
Samoa,2013,4.2
São Tomé and Príncipe,2013,17.4
Saudi Arabia,2013,2.8
Senegal,2013,11.2
Serbia,2013,2.5
Lebanon,2016,5.7
Liberia,2016,35.1
Libya,2016,11.0
Lithuania,2016,2.5
Luxembourg,2016,2.5
"Macao SAR, China",2016,6.1
Madagascar,2016,35.0
Malawi,2016,16.7
Malaysia,2016,3.3
Argentina,2016,3.2
Armenia,2016,2.5
Australia,2016,2.5
Austria,2016,2.5
Azerbaijan,2016,2.5
Bangladesh,2016,14.4
Barbados,2016,2.5
European Union,2014,2.57
European Union,2018,2.52
Israel,2012,2.5
Italy,2012,2.5
Jamaica,2012,7.7
Jordan,2012,9.1
Kazakhstan,2012,2.6
Kenya,2012,19.1
Kiribati,2012,3.2
"Korea, Dem. People's Rep.",2012,43.7
"Korea, Rep.",2012,2.5
Kuwait,2012,2.5
Estonia,2013,2.5
Eswatini,2013,17.5
Ethiopia,2013,17.7
Fiji,2013,7.2
Finland,2013,2.5
France,2013,2.5
French Polynesia,2013,4.7
Gabon,2013,13.1
"Gambia, The",2013,11.1
Georgia,2013,7.4
Hungary,2009,2.5
Iceland,2009,2.5
India,2009,15.0
Indonesia,2009,15.0
"Iran, Islamic Rep.",2009,8.4
Iraq,2009,14.5
Ireland,2009,2.5
Israel,2009,2.5
Italy,2009,2.5
Jamaica,2009,8.6
European Union,2005,2.61
Latin America & Caribbean (IDA & IBRD),2005,8.69
Saudi Arabia,2017,2.5
Senegal,2017,8.0
Serbia,2017,2.5
Seychelles,2017,3.3
Sierra Leone,2017,26.0
Slovak Republic,2017,4.1
Slovenia,2017,2.5
Solomon Islands,2017,17.9
"Somalia, Federal Republic of",2017,59.0
Cabo Verde,2010,14.7
Cambodia,2010,10.0
Cameroon,2010,4.9
Canada,2010,2.5
Central African Republic,2010,26.7
Chad,2010,24.1
Chile,2010,3.6
China,2010,2.5
Colombia,2010,11.1
Comoros,2010,15.6
Montenegro,2014,2.5
Morocco,2014,3.9
Mozambique,2014,32.6
Myanmar,2014,5.5
Namibia,2014,22.5
Nepal,2014,8.2
Netherlands,2014,2.5
New Caledonia,2014,7.9
New Zealand,2014,2.5
Nicaragua,2014,17.7
Niger,2014,13.7
Bangladesh,2006,15.4
Barbados,2006,4.1
Belarus,2006,2.5
Belgium,2006,2.5
Belize,2006,4.9
Benin,2006,8.9
Bolivia,2006,26.0
Bosnia and Herzegovina,2006,2.5
Botswana,2006,26.6
Brazil,2006,5.1
North Macedonia,2013,3.8
Norway,2013,2.5
Oman,2013,6.9
Pakistan,2013,14.7
Panama,2013,7.1
Papua New Guinea,2013,27.3
Paraguay,2013,2.5
Peru,2013,5.6
Philippines,2013,13.7
Poland,2013,2.5
Lebanon,2013,4.8
Liberia,2013,36.4
Libya,2013,9.8
Lithuania,2013,2.5
Luxembourg,2013,2.5
"Macao SAR, China",2013,7.6
Madagascar,2013,30.1
Malawi,2013,14.9
Malaysia,2013,3.7
Senegal,2014,11.1
Serbia,2014,2.5
Seychelles,2014,4.9
Sierra Leone,2014,23.2
Slovak Republic,2014,5.7
Slovenia,2014,2.5
Solomon Islands,2014,19.0
"Somalia, Federal Republic of",2014,61.4
South Africa,2014,6.4
Bulgaria,2014,4.2
Burkina Faso,2014,13.4
Cabo Verde,2014,16.3
Cambodia,2014,8.1
Cameroon,2014,4.5
Canada,2014,2.5
Central African Republic,2014,30.9
Chad,2014,25.2
Bulgaria,2016,4.2
Burkina Faso,2016,14.0
Cabo Verde,2016,16.5
Cambodia,2016,6.8
Cameroon,2016,5.4
Canada,2016,2.5
Central African Republic,2016,26.7
Chad,2016,26.1
Indonesia,2006,18.1
"Iran, Islamic Rep.",2006,6.9
Iraq,2006,16.5
Ireland,2006,2.5
Israel,2006,2.5
Italy,2006,2.5
Jamaica,2006,7.3
Jordan,2006,5.6
Kazakhstan,2006,6.3
Kenya,2006,25.8
Latin America & Caribbean (IDA & IBRD),2014,5.24
Myanmar,2008,14.0
Namibia,2008,26.1
Nepal,2008,13.1
Netherlands,2008,2.5
New Caledonia,2008,9.0
New Zealand,2008,2.5
Nicaragua,2008,19.9
Niger,2008,15.2
Nigeria,2008,9.6
North Macedonia,2008,3.0
Norway,2008,2.5
Nigeria,2014,11.1
North Macedonia,2014,3.6
Norway,2014,2.5
Oman,2014,6.8
Pakistan,2014,14.2
Panama,2014,7.1
Papua New Guinea,2014,27.6
Paraguay,2014,2.5
Peru,2014,5.3
Central African Republic,2019,25.2
Chad,2019,29.8
Chile,2019,2.7
China,2019,2.5
Colombia,2019,4.1
Comoros,2019,13.5
"Congo, Dem. Rep.",2019,34.1
"Congo, Rep.",2019,29.0
Costa Rica,2019,2.5
Côte d’Ivoire,2019,9.4
Croatia,2019,2.5
Jordan,2009,7.5
Kazakhstan,2009,3.8
Kenya,2009,24.3
Kiribati,2009,4.0
"Korea, Dem. People's Rep.",2009,42.0
"Korea, Rep.",2009,2.5
Kuwait,2009,2.5
Kyrgyz Republic,2009,8.4
Latvia,2009,2.5
Lebanon,2009,4.1
Bulgaria,2004,6.0
Burkina Faso,2004,17.4
Cabo Verde,2004,13.0
Cambodia,2004,16.3
Cameroon,2004,16.8
Canada,2004,2.5
Central African Republic,2004,36.7
Chad,2004,32.4
Chile,2004,2.7
China,2004,7.8
Algeria,2013,2.9
Angola,2013,13.5
Argentina,2013,3.2
Armenia,2013,2.5
Australia,2013,2.5
Austria,2013,2.5
Azerbaijan,2013,2.5
Honduras,2008,14.9
"Hong Kong SAR, China",2008,2.5
Hungary,2008,2.5
Iceland,2008,2.5
India,2008,15.3
Indonesia,2008,16.5
"Iran, Islamic Rep.",2008,7.9
Iraq,2008,15.6
Ireland,2008,2.5
Israel,2008,2.5
Italy,2008,2.5
Latin America & Caribbean (IDA & IBRD),2002,10.27
"Middle East, North Africa, Afghanistan & Pakistan",2002,13.02
"Middle East, North Africa, Afghanistan & Pakistan (excluding high income)",2002,13.63
"Middle East, North Africa, Afghanistan & Pakistan (IDA & IBRD)",2002,13.63
Latin America & Caribbean (IDA & IBRD),2013,5.33
"Middle East, North Africa, Afghanistan & Pakistan",2013,9.94
"Middle East, North Africa, Afghanistan & Pakistan (excluding high income)",2013,10.54
"Middle East, North Africa, Afghanistan & Pakistan (IDA & IBRD)",2013,10.54
Latin America & Caribbean (IDA & IBRD),2011,5.83
"Middle East, North Africa, Afghanistan & Pakistan",2011,10.12
"Middle East, North Africa, Afghanistan & Pakistan (excluding high income)",2011,10.68
Estonia,2014,2.5
Eswatini,2014,16.2
Ethiopia,2014,15.2
Fiji,2014,7.0
Finland,2014,2.5
France,2014,2.5
French Polynesia,2014,5.0
Gabon,2014,13.3
"Gambia, The",2014,11.9
Georgia,2014,6.6
Germany,2014,2.5
Cameroon,2015,4.8
Canada,2015,2.5
Central African Republic,2015,28.6
Chad,2015,25.9
Chile,2015,3.3
China,2015,2.5
Colombia,2015,5.0
Comoros,2015,14.0
"Congo, Dem. Rep.",2015,31.7
"Congo, Rep.",2015,29.4
Cabo Verde,2020,12.6
Cambodia,2020,5.6
Cameroon,2020,5.9
Canada,2020,2.5
Central African Republic,2020,26.6
Chad,2020,30.1
Chile,2020,2.5
China,2020,2.5
Colombia,2020,4.2
Afghanistan,2012,19.7
Albania,2012,4.6
Algeria,2012,3.1
Angola,2012,14.0
Argentina,2012,3.6
Armenia,2012,2.5
Australia,2012,2.5
Austria,2012,2.5
Azerbaijan,2012,2.5
Guinea-Bissau,2004,18.0
Guyana,2004,6.6
Haiti,2004,49.7
Honduras,2004,19.3
"Hong Kong SAR, China",2004,2.5
Hungary,2004,2.5
Iceland,2004,2.5
India,2004,21.7
Indonesia,2004,18.2
"Iran, Islamic Rep.",2004,5.9
Iraq,2004,17.8
Ireland,2004,2.5
"Middle East, North Africa, Afghanistan & Pakistan",2016,9.14
"Middle East, North Africa, Afghanistan & Pakistan (excluding high income)",2016,9.71
"Middle East, North Africa, Afghanistan & Pakistan (IDA & IBRD)",2016,9.71
Sweden,2005,2.5
Switzerland,2005,2.5
Syrian Arab Republic,2005,6.2
Tajikistan,2005,38.1
Tanzania,2005,28.5
Thailand,2005,11.8
Timor-Leste,2005,30.0
Togo,2005,24.8
Trinidad and Tobago,2005,11.1
Tunisia,2005,4.0
"Iran, Islamic Rep.",2010,9.4
Iraq,2010,13.4
Ireland,2010,2.5
Israel,2010,2.5
Italy,2010,2.5
Jamaica,2010,8.2
Jordan,2010,8.4
Kazakhstan,2010,3.4
Kenya,2010,21.7
Kiribati,2010,3.7
Chile,2006,2.7
China,2006,6.0
Colombia,2006,11.3
Comoros,2006,16.1
"Congo, Dem. Rep.",2006,27.4
"Congo, Rep.",2006,30.5
Costa Rica,2006,3.3
Côte d’Ivoire,2006,17.5
Croatia,2006,2.7
Cuba,2006,2.5
Cyprus,2006,3.8
Bangladesh,2017,13.4
Barbados,2017,2.5
Belarus,2017,2.5
Belgium,2017,2.5
Belize,2017,5.8
Benin,2017,10.5
Bolivia,2017,14.2
Bosnia and Herzegovina,2017,2.5
Tanzania,2016,21.9
Thailand,2016,7.9
Timor-Leste,2016,15.4
Togo,2016,20.6
Trinidad and Tobago,2016,7.0
Tunisia,2016,2.8
Türkiye,2016,2.5
Turkmenistan,2016,3.4
Uganda,2016,35.4
Senegal,2016,8.9
Serbia,2016,2.5
Seychelles,2016,3.7
Sierra Leone,2016,24.5
Slovak Republic,2016,5.3
Slovenia,2016,2.5
Solomon Islands,2016,18.0
"Somalia, Federal Republic of",2016,60.2
South Africa,2016,6.4
European Union,2011,2.59
Bolivia,2010,19.9
Bosnia and Herzegovina,2010,2.5
Botswana,2010,23.3
Brazil,2010,3.0
Bulgaria,2010,5.3
Burkina Faso,2010,15.0
Italy,2018,2.5
Jamaica,2018,6.3
Jordan,2018,10.6
Kazakhstan,2018,2.5
Kenya,2018,22.9
Kiribati,2018,3.6
"Korea, Dem. People's Rep.",2018,47.0
"Korea, Rep.",2018,2.5
Kuwait,2018,2.5
Bangladesh,2013,16.7
Barbados,2013,2.5
Belarus,2013,2.5
Belgium,2013,2.5
Belize,2013,6.0
Benin,2013,9.2
Bolivia,2013,18.0
Bosnia and Herzegovina,2013,2.5
Botswana,2013,20.8
Mozambique,2019,28.3
Myanmar,2019,3.2
Namibia,2019,18.9
Nepal,2019,4.6
Netherlands,2019,2.5
New Caledonia,2019,6.3
New Zealand,2019,2.5
Nicaragua,2019,15.7
Niger,2019,10.1
Nigeria,2019,14.3
Haiti,2012,39.8
Honduras,2012,13.0
"Hong Kong SAR, China",2012,2.5
Hungary,2012,2.5
Iceland,2012,2.5
India,2012,13.4
Indonesia,2012,9.5
"Iran, Islamic Rep.",2012,9.2
Iraq,2012,14.2
Ireland,2012,2.5
Türkiye,2008,3.2
Turkmenistan,2008,4.6
Uganda,2008,19.8
Ukraine,2008,2.5
United Arab Emirates,2008,5.3
United Kingdom,2008,2.5
United States,2008,2.5
Uruguay,2008,2.5
Uzbekistan,2008,6.2
Vanuatu,2008,7.3
Togo,2013,19.6
Trinidad and Tobago,2013,6.7
Tunisia,2013,3.1
Türkiye,2013,2.5
Turkmenistan,2013,4.1
Uganda,2013,21.3
Ukraine,2013,2.5
United Arab Emirates,2013,3.5
United Kingdom,2013,2.5
Iraq,2011,13.6
Ireland,2011,2.5
Israel,2011,2.5
Italy,2011,2.5
Jamaica,2011,7.8
Jordan,2011,9.1
Kazakhstan,2011,3.0
Kenya,2011,19.9
Kiribati,2011,3.4
"Korea, Dem. People's Rep.",2011,43.4
"Korea, Rep.",2011,2.5
Nicaragua,2012,17.0
Niger,2012,15.0
Nigeria,2012,11.7
North Macedonia,2012,3.8
Norway,2012,2.5
Oman,2012,6.5
Pakistan,2012,15.0
Panama,2012,7.3
Papua New Guinea,2012,28.6
Paraguay,2012,2.5
Haiti,2003,50.2
Honduras,2003,20.0
"Hong Kong SAR, China",2003,2.5
Hungary,2003,2.5
Iceland,2003,2.5
India,2003,21.2
Indonesia,2003,18.0
"Iran, Islamic Rep.",2003,5.5
Iraq,2003,18.4
Ireland,2003,2.5
Israel,2003,2.5
Italy,2003,2.5
Ukraine,2014,2.5
United Arab Emirates,2014,3.5
United Kingdom,2014,2.5
United States,2014,2.5
Uruguay,2014,2.5
Uzbekistan,2014,2.5
Vanuatu,2014,7.4
"Venezuela, RB",2014,3.9
Vietnam,2014,8.3
Central African Republic,2023,29.8
Chad,2023,32.0
Chile,2023,2.5
China,2023,2.5
Colombia,2023,3.9
Comoros,2023,15.4
"Congo, Dem. Rep.",2023,38.5
"Congo, Rep.",2023,26.4
Costa Rica,2023,2.5
Côte d’Ivoire,2023,11.1
Croatia,2023,2.5
"Middle East, North Africa, Afghanistan & Pakistan",2014,9.78
"Middle East, North Africa, Afghanistan & Pakistan (excluding high income)",2014,10.38
"Middle East, North Africa, Afghanistan & Pakistan (IDA & IBRD)",2014,10.38
Ghana,2014,8.7
Greece,2014,2.5
Guatemala,2014,15.9
Guinea,2014,13.6
Guinea-Bissau,2014,30.1
Guyana,2014,5.7
Haiti,2014,37.8
Honduras,2014,14.2
"Hong Kong SAR, China",2014,2.6
Haiti,2001,48.0
Honduras,2001,21.1
"Hong Kong SAR, China",2001,2.5
Hungary,2001,2.5
Iceland,2001,2.5
India,2001,18.1
Indonesia,2001,18.1
"Iran, Islamic Rep.",2001,4.9
Iraq,2001,20.1
Ireland,2001,2.5
Israel,2001,2.5
Italy,2001,2.5
Latvia,2017,2.5
Lebanon,2017,5.5
Liberia,2017,34.9
Libya,2017,11.4
Lithuania,2017,2.5
Luxembourg,2017,2.5
"Macao SAR, China",2017,6.0
Madagascar,2017,36.0
Malawi,2017,17.6
Romania,2009,2.5
Russian Federation,2009,2.5
Rwanda,2009,36.0
Samoa,2009,4.3
São Tomé and Príncipe,2009,14.7
Saudi Arabia,2009,3.1
Senegal,2009,10.3
Serbia,2009,2.5
Seychelles,2009,4.3
Sierra Leone,2009,24.8
Bosnia and Herzegovina,2018,2.5
Botswana,2018,22.1
Brazil,2018,2.5
Bulgaria,2018,3.1
Burkina Faso,2018,14.5
Cabo Verde,2018,14.8
Cambodia,2018,5.6
Cameroon,2018,6.2
Honduras,2002,20.4
"Hong Kong SAR, China",2002,2.5
Hungary,2002,2.5
Iceland,2002,2.5
India,2002,19.7
Indonesia,2002,18.1
"Iran, Islamic Rep.",2002,5.2
Iraq,2002,19.5
Ireland,2002,2.5
Israel,2002,2.5
Italy,2002,2.5
Jamaica,2002,6.7
Guatemala,2020,13.5
Guinea,2020,11.1
Guinea-Bissau,2020,16.7
Guyana,2020,2.5
Haiti,2020,43.6
Honduras,2020,13.7
"Hong Kong SAR, China",2020,2.5
Hungary,2020,2.5
Iceland,2020,2.5
India,2020,13.4
Indonesia,2020,6.6
"Iran, Islamic Rep.",2020,6.9
Mozambique,2005,29.2
Myanmar,2005,24.8
Namibia,2005,19.9
Nepal,2005,16.9
Netherlands,2005,2.5
New Caledonia,2005,8.9
New Zealand,2005,2.5
Nicaragua,2005,21.9
Niger,2005,18.0
Nigeria,2005,9.1
North Macedonia,2005,4.5
Suriname,2008,7.3
Sweden,2008,2.5
Switzerland,2008,2.5
Syrian Arab Republic,2008,5.6
Tajikistan,2008,29.3
Tanzania,2008,25.1
Thailand,2008,10.6
Timor-Leste,2008,23.2
Togo,2008,20.7
Trinidad and Tobago,2008,9.3
Tunisia,2008,3.6
Guyana,2005,7.1
Haiti,2005,47.7
Honduras,2005,18.1
"Hong Kong SAR, China",2005,2.5
Hungary,2005,2.5
Iceland,2005,2.5
India,2005,21.1
Indonesia,2005,18.4
"Iran, Islamic Rep.",2005,6.4
Iraq,2005,16.5
Ireland,2005,2.5
Seychelles,2013,5.2
Sierra Leone,2013,23.2
Slovak Republic,2013,5.6
Slovenia,2013,2.5
Solomon Islands,2013,18.8
"Somalia, Federal Republic of",2013,63.3
South Africa,2013,5.6
Spain,2013,2.5
Sri Lanka,2013,8.8
Belarus,2003,4.4
Belgium,2003,2.5
Belize,2003,5.2
Benin,2003,11.2
Bolivia,2003,26.6
Bosnia and Herzegovina,2003,2.8
Botswana,2003,29.0
Brazil,2003,7.6
Bulgaria,2003,5.6
Latin America & Caribbean (IDA & IBRD),2001,10.53
"Middle East, North Africa, Afghanistan & Pakistan",2001,12.9
"Middle East, North Africa, Afghanistan & Pakistan (excluding high income)",2001,13.49
"Middle East, North Africa, Afghanistan & Pakistan (IDA & IBRD)",2001,13.49
Nigeria,2016,10.8
North Macedonia,2016,3.2
Norway,2016,2.5
Oman,2016,7.2
Pakistan,2016,11.5
Panama,2016,6.7
Papua New Guinea,2016,28.2
Paraguay,2016,2.6
Peru,2016,6.2
Philippines,2016,9.7
Mongolia,2018,6.2
Montenegro,2018,2.5
Morocco,2018,3.6
Mozambique,2018,32.5
Myanmar,2018,3.4
Namibia,2018,19.2
Nepal,2018,4.5
Netherlands,2018,2.5
New Caledonia,2018,6.9
New Zealand,2018,2.5
Nicaragua,2018,15.5
Guinea,2015,13.6
Guinea-Bissau,2015,28.0
Guyana,2015,4.4
Haiti,2015,37.9
Honduras,2015,14.2
"Hong Kong SAR, China",2015,2.5
Hungary,2015,2.5
Iceland,2015,2.5
India,2015,12.1
Indonesia,2015,7.1
"Iran, Islamic Rep.",2015,7.4
"Egypt, Arab Rep.",2012,5.7
El Salvador,2012,9.1
Estonia,2012,2.5
Eswatini,2012,20.4
Ethiopia,2012,19.8
Fiji,2012,7.3
Finland,2012,2.5
France,2012,2.5
French Polynesia,2012,4.5
Gabon,2012,13.0
Latin America & Caribbean (IDA & IBRD),2010,6.16
"Middle East, North Africa, Afghanistan & Pakistan",2010,10.06
"Middle East, North Africa, Afghanistan & Pakistan (excluding high income)",2010,10.6
Samoa,2011,4.7
São Tomé and Príncipe,2011,17.6
Saudi Arabia,2011,3.1
Senegal,2011,11.1
Serbia,2011,2.5
Seychelles,2011,5.2
Sierra Leone,2011,21.6
Slovak Republic,2011,6.1
Slovenia,2011,2.5
Solomon Islands,2011,15.8
Ethiopia,2006,32.7
Fiji,2006,5.0
Finland,2006,2.5
France,2006,2.5
French Polynesia,2006,5.6
Gabon,2006,14.5
"Gambia, The",2006,15.5
Georgia,2006,5.3
Germany,2006,2.5
Ghana,2006,10.4
Greece,2006,2.5
Moldova,2011,8.4
Mongolia,2011,14.8
Montenegro,2011,2.5
Morocco,2011,4.5
Mozambique,2011,19.9
Myanmar,2011,8.0
Namibia,2011,27.6
Nepal,2011,10.1
Netherlands,2011,2.5
New Caledonia,2011,8.1
Saudi Arabia,2012,3.2
Senegal,2012,11.3
Serbia,2012,2.5
Seychelles,2012,5.5
Sierra Leone,2012,21.9
Slovak Republic,2012,5.8
Slovenia,2012,2.5
Solomon Islands,2012,17.4
"Somalia, Federal Republic of",2012,67.4
South Africa,2012,5.2
France,2011,2.5
French Polynesia,2011,4.4
Gabon,2011,13.5
"Gambia, The",2011,9.5
Georgia,2011,8.1
Germany,2011,2.5
Ghana,2011,7.3
Greece,2011,2.5
Guatemala,2011,15.0
Brazil,2013,2.5
Bulgaria,2013,4.2
Burkina Faso,2013,13.5
Cabo Verde,2013,15.3
Cambodia,2013,8.4
Cameroon,2013,4.2
Canada,2013,2.5
Central African Republic,2013,30.1
Poland,2016,2.5
Portugal,2016,2.5
Romania,2016,2.5
Russian Federation,2016,2.5
Rwanda,2016,33.7
Samoa,2016,5.1
São Tomé and Príncipe,2016,18.3
Saudi Arabia,2016,2.5
Bolivia,2008,23.0
Bosnia and Herzegovina,2008,2.5
Botswana,2008,26.0
Brazil,2008,4.0
Bulgaria,2008,5.8
Burkina Faso,2008,15.4
Cabo Verde,2008,15.0
Cambodia,2008,12.1
France,2015,2.5
French Polynesia,2015,5.4
Gabon,2015,14.1
"Gambia, The",2015,12.6
Georgia,2015,6.5
Germany,2015,2.5
Ghana,2015,9.4
Greece,2015,2.5
Guatemala,2015,15.4
European Union,2007,2.6
Guatemala,2006,18.1
Guinea,2006,16.8
Guinea-Bissau,2006,19.3
Guyana,2006,7.6
Haiti,2006,45.9
Honduras,2006,16.9
"Hong Kong SAR, China",2006,2.5
Hungary,2006,2.5
Iceland,2006,2.5
India,2006,18.9
Bulgaria,2021,2.5
Burkina Faso,2021,14.3
Cabo Verde,2021,12.1
Cambodia,2021,6.1
Cameroon,2021,5.5
Canada,2021,2.5
Central African Republic,2021,29.2
Chad,2021,30.1
Syrian Arab Republic,2011,6.3
Tajikistan,2011,22.5
Tanzania,2011,22.7
Thailand,2011,9.4
Timor-Leste,2011,17.6
Togo,2011,20.1
Trinidad and Tobago,2011,7.4
Tunisia,2011,3.4
Türkiye,2011,2.5
Turkmenistan,2011,4.7
Guinea,2011,17.2
Guinea-Bissau,2011,23.7
Guyana,2011,8.9
Haiti,2011,39.7
Honduras,2011,12.9
"Hong Kong SAR, China",2011,2.5
Hungary,2011,2.5
Iceland,2011,2.5
India,2011,14.2
Indonesia,2011,10.9
"Iran, Islamic Rep.",2011,9.5
Hungary,2013,2.5
Iceland,2013,2.5
India,2013,12.8
Indonesia,2013,8.3
"Iran, Islamic Rep.",2013,8.0
Iraq,2013,14.9
Ireland,2013,2.5
Israel,2013,2.5
Italy,2013,2.5
Jamaica,2013,7.7
Switzerland,2020,2.5
Syrian Arab Republic,2020,30.6
Tajikistan,2020,9.1
Tanzania,2020,22.8
Thailand,2020,6.0
Timor-Leste,2020,17.5
Togo,2020,15.9
Trinidad and Tobago,2020,10.2
Tunisia,2020,2.8
Türkiye,2020,2.5
Turkmenistan,2020,3.6
Estonia,2016,2.5
Eswatini,2016,16.3
Ethiopia,2016,13.0
Fiji,2016,7.5
Finland,2016,2.5
France,2016,2.5
French Polynesia,2016,5.9
Gabon,2016,15.3
"Gambia, The",2016,12.8
Georgia,2016,6.6
Germany,2016,2.5
Ireland,2007,2.5
Israel,2007,2.5
Italy,2007,2.5
Jamaica,2007,7.9
Jordan,2007,6.1
Kazakhstan,2007,5.0
Kenya,2007,26.8
Kiribati,2007,4.3
"Korea, Dem. People's Rep.",2007,39.1
"Korea, Rep.",2007,2.5
Kuwait,2007,2.5
Algeria,2019,2.5
Angola,2019,18.2
Argentina,2019,3.6
Armenia,2019,2.5
Australia,2019,2.5
Austria,2019,2.5
Azerbaijan,2019,2.5
Paraguay,2011,2.5
Peru,2011,7.6
Philippines,2011,14.9
Poland,2011,2.5
Portugal,2011,2.5
Romania,2011,2.5
Russian Federation,2011,2.5
Rwanda,2011,35.3
Burkina Faso,2002,20.4
Cabo Verde,2002,16.1
Cambodia,2002,17.8
Cameroon,2002,22.0
Canada,2002,2.5
Central African Republic,2002,36.9
Chad,2002,33.4
Chile,2002,2.8
China,2002,9.3
Colombia,2002,8.9
Comoros,2002,20.7
Kuwait,2011,2.5
Kyrgyz Republic,2011,7.1
Latvia,2011,2.5
Lebanon,2011,3.9
Liberia,2011,35.6
Libya,2011,8.1
Lithuania,2011,2.5
Luxembourg,2011,2.5
Thailand,2006,10.6
Timor-Leste,2006,27.6
Togo,2006,23.6
Trinidad and Tobago,2006,10.5
Tunisia,2006,4.0
Türkiye,2006,6.5
Turkmenistan,2006,4.4
Uganda,2006,19.2
Ukraine,2006,2.5
United Arab Emirates,2006,3.8
Afghanistan,2009,17.6
Albania,2009,6.1
Algeria,2009,4.7
Angola,2009,19.7
Argentina,2009,3.4
Armenia,2009,3.2
Australia,2009,2.5
Austria,2009,2.5
Azerbaijan,2009,2.5
Ukraine,2016,2.5
United Arab Emirates,2016,3.5
United Kingdom,2016,2.5
United States,2016,2.5
Uruguay,2016,2.5
Uzbekistan,2016,2.5
Vanuatu,2016,7.4
"Venezuela, RB",2016,17.4
Vietnam,2016,7.7
El Salvador,2018,6.8
Estonia,2018,2.5
Eswatini,2018,13.4
Ethiopia,2018,16.1
Fiji,2018,6.4
Finland,2018,2.5
France,2018,2.5
French Polynesia,2018,6.4
Gabon,2018,17.5
Israel,2004,2.5
Italy,2004,2.5
Jamaica,2004,6.9
Jordan,2004,5.4
Kazakhstan,2004,7.4
Kenya,2004,31.6
Kiribati,2004,4.6
"Korea, Dem. People's Rep.",2004,33.2
"Korea, Rep.",2004,2.5
Kuwait,2004,2.5
Kyrgyz Republic,2004,7.2
Romania,2015,2.5
Russian Federation,2015,2.5
Rwanda,2015,35.8
Samoa,2015,4.6
São Tomé and Príncipe,2015,18.5
Saudi Arabia,2015,2.5
Senegal,2015,10.0
Serbia,2015,2.5
Seychelles,2015,4.3
Sierra Leone,2015,24.1
Bolivia,2011,18.8
Bosnia and Herzegovina,2011,2.5
Botswana,2011,22.0
Brazil,2011,2.7
Bulgaria,2011,5.2
Burkina Faso,2011,14.6
Cabo Verde,2011,14.1
Nepal,2010,10.8
Netherlands,2010,2.5
New Caledonia,2010,8.1
New Zealand,2010,2.5
Nicaragua,2010,18.3
Niger,2010,14.6
Nigeria,2010,10.4
North Macedonia,2010,3.5
Norway,2010,2.5
Oman,2010,4.6
Pakistan,2010,15.5
Dominican Republic,2010,12.4
Ecuador,2010,8.4
"Egypt, Arab Rep.",2010,5.1
El Salvador,2010,9.3
Estonia,2010,2.5
Eswatini,2010,24.9
Ethiopia,2010,22.4
Fiji,2010,7.0
Latin America & Caribbean (IDA & IBRD),2004,9.29
"Middle East, North Africa, Afghanistan & Pakistan",2004,11.83
"Middle East, North Africa, Afghanistan & Pakistan (excluding high income)",2004,12.4
"Middle East, North Africa, Afghanistan & Pakistan (IDA & IBRD)",2004,12.4
Uganda,2020,33.1
Ukraine,2020,4.3
United Arab Emirates,2020,2.5
United Kingdom,2020,2.5
United States,2020,2.5
Uruguay,2020,2.5
Uzbekistan,2020,2.5
Vanuatu,2020,8.2
"Venezuela, RB",2020,18.5
Vietnam,2020,5.9
Cyprus,2013,2.5
Czechia,2013,2.5
Denmark,2013,2.5
Djibouti,2013,15.7
Dominica,2013,4.6
Dominican Republic,2013,9.1
Ecuador,2013,8.5
"Egypt, Arab Rep.",2013,6.1
El Salvador,2013,9.2
Bangladesh,2009,17.9
Barbados,2009,2.6
Belarus,2009,2.5
Belgium,2009,2.5
Belize,2009,4.7
Benin,2009,8.7
Bolivia,2009,21.4
Bosnia and Herzegovina,2009,2.5
Latin America & Caribbean (IDA & IBRD),2016,5.8
Trinidad and Tobago,2001,10.3
Tunisia,2001,4.0
Türkiye,2001,12.9
Turkmenistan,2001,6.0
Uganda,2001,21.2
Ukraine,2001,2.7
United Arab Emirates,2001,2.5
United Kingdom,2001,2.5
United States,2001,2.5
Uruguay,2001,3.6
Mexico,2020,3.1
Moldova,2020,2.5
Mongolia,2020,4.3
Montenegro,2020,2.5
Morocco,2020,5.3
Mozambique,2020,25.8
Myanmar,2020,3.7
Namibia,2020,18.5
Nepal,2020,5.0
Tajikistan,2018,10.3
Tanzania,2018,22.9
Thailand,2018,7.6
Timor-Leste,2018,16.3
Togo,2018,19.7
Trinidad and Tobago,2018,7.2
Tunisia,2018,2.5
Türkiye,2018,2.5
Turkmenistan,2018,3.5
Algeria,2006,5.8
Angola,2006,36.0
Argentina,2006,3.3
Armenia,2006,10.9
Australia,2006,2.5
Austria,2006,2.5
Azerbaijan,2006,3.1
Jamaica,2008,8.5
Jordan,2008,6.6
Kazakhstan,2008,4.2
Kenya,2008,26.7
Kiribati,2008,4.1
"Korea, Dem. People's Rep.",2008,40.5
"Korea, Rep.",2008,2.5
Kuwait,2008,2.5
Kyrgyz Republic,2008,8.6
Latvia,2008,2.5
Botswana,2009,24.8
Brazil,2009,3.5
Bulgaria,2009,5.4
Burkina Faso,2009,15.0
Cabo Verde,2009,15.2
Cambodia,2009,11.2
Cameroon,2009,5.9
Canada,2009,2.5
São Tomé and Príncipe,2018,17.8
Saudi Arabia,2018,2.5
Senegal,2018,7.1
Serbia,2018,2.5
Seychelles,2018,3.0
Sierra Leone,2018,27.0
Slovak Republic,2018,3.3
Slovenia,2018,2.5
Solomon Islands,2018,18.0
"Somalia, Federal Republic of",2018,56.2
Chile,2021,2.5
China,2021,2.5
Colombia,2021,4.1
Comoros,2021,15.6
"Congo, Dem. Rep.",2021,36.6
"Congo, Rep.",2021,27.2
Costa Rica,2021,2.5
Côte d’Ivoire,2021,9.7
Croatia,2021,2.5
Cyprus,2021,2.5
Albania,2018,4.3
Algeria,2018,2.5
Angola,2018,15.9
Argentina,2018,3.7
Armenia,2018,2.5
Australia,2018,2.5
Austria,2018,2.5
Azerbaijan,2018,2.5
Kyrgyz Republic,2018,5.0
Latvia,2018,2.5
Lebanon,2018,5.6
Liberia,2018,35.3
Libya,2018,11.9
Lithuania,2018,2.5
Luxembourg,2018,2.5
"Macao SAR, China",2018,5.9
Madagascar,2018,37.5
Georgia,2017,6.4
Germany,2017,2.5
Ghana,2017,8.8
Greece,2017,2.5
Guatemala,2017,14.3
Guinea,2017,14.0
Guinea-Bissau,2017,13.6
Guyana,2017,3.1
Haiti,2017,40.3
Honduras,2017,13.2
Armenia,2020,2.5
Australia,2020,2.5
Austria,2020,2.5
Azerbaijan,2020,2.5
Bangladesh,2020,10.8
Barbados,2020,3.4
Belarus,2020,2.5
Belgium,2020,2.5
"Middle East, North Africa, Afghanistan & Pakistan",2005,11.14
"Middle East, North Africa, Afghanistan & Pakistan (excluding high income)",2005,11.68
"Middle East, North Africa, Afghanistan & Pakistan (IDA & IBRD)",2005,11.68
Malawi,2012,14.2
Malaysia,2012,3.5
Mali,2012,5.4
Malta,2012,2.5
Mauritania,2012,6.2
Mauritius,2012,6.5
Mexico,2012,3.8
Moldova,2012,5.7
Tanzania,2012,21.7
Thailand,2012,9.3
Timor-Leste,2012,16.7
Togo,2012,19.9
Trinidad and Tobago,2012,6.8
Tunisia,2012,3.2
Türkiye,2012,2.5
Turkmenistan,2012,4.6
Uganda,2012,19.6
Peru,2012,6.7
Philippines,2012,14.3
Poland,2012,2.5
Portugal,2012,2.5
Romania,2012,2.5
Russian Federation,2012,2.5
Rwanda,2012,35.5
Samoa,2012,4.6
São Tomé and Príncipe,2012,17.4
Brazil,2019,2.5
Bulgaria,2019,3.0
Burkina Faso,2019,14.3
Cabo Verde,2019,13.4
Cambodia,2019,5.4
Cameroon,2019,6.1
Canada,2019,2.5
Mozambique,2004,30.9
Myanmar,2004,28.8
Namibia,2004,18.4
Nepal,2004,17.8
Netherlands,2004,2.5
New Caledonia,2004,8.9
New Zealand,2004,2.5
Nicaragua,2004,22.6
Niger,2004,19.1
Nigeria,2004,8.9
North Macedonia,2004,5.0
Norway,2004,2.5
St. Vincent and the Grenadines,2013,4.8
Sudan,2013,8.7
Suriname,2013,7.8
Sweden,2013,2.5
Switzerland,2013,2.5
Syrian Arab Republic,2013,8.7
Tajikistan,2013,20.3
Tanzania,2013,21.2
Thailand,2013,8.7
Timor-Leste,2013,15.4
Bangladesh,2012,17.3
Barbados,2012,2.5
Belarus,2012,2.5
Belgium,2012,2.5
Belize,2012,5.5
Benin,2012,9.4
Bolivia,2012,18.1
Oman,2009,4.5
Pakistan,2009,15.4
Panama,2009,10.1
Papua New Guinea,2009,28.8
Paraguay,2009,2.9
Peru,2009,9.4
Philippines,2009,16.0
Poland,2009,2.5
Portugal,2009,2.5
Burkina Faso,2003,18.5
Cabo Verde,2003,14.8
Cambodia,2003,16.6
Cameroon,2003,19.6
Canada,2003,2.5
Central African Republic,2003,37.1
Chad,2003,33.9
Chile,2003,2.7
China,2003,8.6
Colombia,2003,9.6
Comoros,2003,18.0
Syrian Arab Republic,2004,6.5
Tajikistan,2004,40.3
Tanzania,2004,31.5
Thailand,2004,13.6
Timor-Leste,2004,32.4
Togo,2004,26.2
Trinidad and Tobago,2004,11.7
Tunisia,2004,4.1
Türkiye,2004,12.3
Turkmenistan,2004,4.2
Uganda,2004,18.1
Djibouti,2020,12.0
Dominica,2020,5.2
Dominican Republic,2020,5.9
Ecuador,2020,13.4
"Egypt, Arab Rep.",2020,7.1
El Salvador,2020,6.6
Estonia,2020,2.5
Eswatini,2020,11.4
Ethiopia,2020,20.3
Fiji,2020,6.2
Cameroon,2008,7.3
Canada,2008,2.5
Central African Republic,2008,29.4
Chad,2008,24.7
Chile,2008,3.0
China,2008,3.9
Colombia,2008,11.1
Comoros,2008,15.4
"Congo, Dem. Rep.",2008,27.7
"Congo, Rep.",2008,34.9
Costa Rica,2008,3.0
Latin America & Caribbean (IDA & IBRD),2019,6.08
"Middle East, North Africa, Afghanistan & Pakistan",2019,10.35
"Middle East, North Africa, Afghanistan & Pakistan (excluding high income)",2019,11.03
"Middle East, North Africa, Afghanistan & Pakistan (IDA & IBRD)",2019,11.03
Germany,2009,2.5
Ghana,2009,6.9
Greece,2009,2.5
Guatemala,2009,17.3
Guinea,2009,18.4
Guinea-Bissau,2009,21.5
Guyana,2009,9.5
Haiti,2009,40.4
Honduras,2009,14.0
"Hong Kong SAR, China",2009,2.5
Uganda,2017,35.5
Ukraine,2017,2.6
United Arab Emirates,2017,3.4
United Kingdom,2017,2.5
United States,2017,2.5
Uruguay,2017,2.5
Uzbekistan,2017,2.5
Vanuatu,2017,7.4
"Venezuela, RB",2017,23.7
Vietnam,2017,7.3
Latin America & Caribbean (IDA & IBRD),2017,6.12
"Middle East, North Africa, Afghanistan & Pakistan",2017,9.41
"Middle East, North Africa, Afghanistan & Pakistan (excluding high income)",2017,10.01
"Middle East, North Africa, Afghanistan & Pakistan (IDA & IBRD)",2017,10.01
Mali,2013,5.2
Malta,2013,2.5
Mauritania,2013,6.1
Mauritius,2013,6.7
Mexico,2013,3.7
Moldova,2013,4.4
Mongolia,2013,11.9
Montenegro,2013,2.5
Trinidad and Tobago,2007,9.9
Tunisia,2007,3.8
Türkiye,2007,4.4
Turkmenistan,2007,4.5
Uganda,2007,19.6
Ukraine,2007,2.5
United Arab Emirates,2007,4.6
United Kingdom,2007,2.5
United States,2007,2.5
Uruguay,2007,2.5
European Union,2021,2.51
Latin America & Caribbean (IDA & IBRD),2008,6.89
"Middle East, North Africa, Afghanistan & Pakistan",2008,9.92
Lebanon,2008,4.7
Liberia,2008,34.9
Libya,2008,5.9
Lithuania,2008,2.5
Luxembourg,2008,2.5
"Macao SAR, China",2008,12.0
Madagascar,2008,30.0
Malawi,2008,15.9
Malaysia,2008,3.6
Bangladesh,2004,14.7
Barbados,2004,5.3
Belarus,2004,4.5
Belgium,2004,2.5
Belize,2004,5.1
Benin,2004,10.4
Bolivia,2004,27.2
Bosnia and Herzegovina,2004,2.5
Botswana,2004,28.1
Brazil,2004,6.3
Cabo Verde,2007,14.1
Cambodia,2007,13.3
Cameroon,2007,9.1
Canada,2007,2.5
Central African Republic,2007,31.2
Chad,2007,26.6
Chile,2007,2.6
China,2007,4.9
Colombia,2007,10.8
Comoros,2007,15.8
Ukraine,2012,2.5
United Arab Emirates,2012,3.9
United Kingdom,2012,2.5
United States,2012,2.5
Uruguay,2012,2.5
Uzbekistan,2012,2.5
Vanuatu,2012,7.6
"Venezuela, RB",2012,2.5
Vietnam,2012,8.8
Latin America & Caribbean (IDA & IBRD),2003,9.96
"Middle East, North Africa, Afghanistan & Pakistan",2003,12.61
"Middle East, North Africa, Afghanistan & Pakistan (excluding high income)",2003,13.21
"Middle East, North Africa, Afghanistan & Pakistan (IDA & IBRD)",2003,13.21
Timor-Leste,2019,17.0
Togo,2019,18.2
Trinidad and Tobago,2019,8.6
Tunisia,2019,2.5
Türkiye,2019,2.5
Turkmenistan,2019,3.6
Uganda,2019,33.1
Ukraine,2019,3.8
United Arab Emirates,2019,2.8
United Kingdom,2019,2.5
Estonia,2017,2.5
Eswatini,2017,15.0
Ethiopia,2017,14.1
Fiji,2017,7.3
Finland,2017,2.5
France,2017,2.5
French Polynesia,2017,6.4
Gabon,2017,16.4
"Gambia, The",2017,14.2
Jordan,2019,12.8
Kazakhstan,2019,2.5
Kenya,2019,23.7
Kiribati,2019,4.1
"Korea, Rep.",2019,2.5
Kuwait,2019,2.5
Kyrgyz Republic,2019,4.9
Latvia,2019,2.5
Benin,2007,8.5
Bolivia,2007,24.5
Bosnia and Herzegovina,2007,2.5
Botswana,2007,26.3
Brazil,2007,4.5
Bulgaria,2007,5.9
Burkina Faso,2007,15.9
Cyprus,2014,2.5
Czechia,2014,2.5
Denmark,2014,2.5
Djibouti,2014,14.1
Dominica,2014,4.4
Dominican Republic,2014,8.4
Ecuador,2014,8.5
"Egypt, Arab Rep.",2014,6.4
El Salvador,2014,9.4
Tajikistan,2017,12.2
Tanzania,2017,22.6
Thailand,2017,8.1
Timor-Leste,2017,16.2
Togo,2017,20.4
Trinidad and Tobago,2017,7.1
Tunisia,2017,2.6
Türkiye,2017,2.5
Turkmenistan,2017,3.4
New Zealand,2011,2.5
Nicaragua,2011,17.2
Niger,2011,14.8
Nigeria,2011,11.1
North Macedonia,2011,3.7
Norway,2011,2.5
Oman,2011,5.5
Pakistan,2011,15.4
Panama,2011,7.9
Papua New Guinea,2011,30.1
Mexico,2010,4.0
Moldova,2010,12.9
Mongolia,2010,17.1
Montenegro,2010,2.5
Morocco,2010,4.7
Mozambique,2010,20.0
Myanmar,2010,9.2
Namibia,2010,29.1
Algeria,2021,2.5
Angola,2021,22.6
Argentina,2021,3.4
Armenia,2021,2.5
Australia,2021,2.5
Austria,2021,2.5
Azerbaijan,2021,2.5
Bangladesh,2021,10.3
European Union,2008,2.59
Netherlands,2003,2.5
New Caledonia,2003,8.6
New Zealand,2003,2.5
Nicaragua,2003,23.4
Niger,2003,21.1
Nigeria,2003,8.8
North Macedonia,2003,5.3
Norway,2003,2.5
Oman,2003,14.2
Pakistan,2003,20.2
Panama,2003,17.4
South Africa,2017,6.1
Spain,2017,2.5
Sri Lanka,2017,5.0
St. Vincent and the Grenadines,2017,4.9
Sudan,2017,10.3
Suriname,2017,9.3
Sweden,2017,2.5
Switzerland,2017,2.5
Syrian Arab Republic,2017,18.5
Luxembourg,2020,2.5
"Macao SAR, China",2020,8.7
Madagascar,2020,40.6
Malawi,2020,19.9
Malaysia,2020,2.7
Mali,2020,4.7
Malta,2020,2.5
Mauritania,2020,7.0
Mauritius,2020,7.5
Bangladesh,2018,12.0
Barbados,2018,2.5
Belarus,2018,2.5
Belgium,2018,2.5
Belize,2018,5.3
Benin,2018,11.4
Bolivia,2018,13.7
Spain,2014,2.5
Sri Lanka,2014,6.1
St. Vincent and the Grenadines,2014,4.6
Sudan,2014,8.4
Suriname,2014,8.0
Sweden,2014,2.5
Switzerland,2014,2.5
Syrian Arab Republic,2014,9.7
Tajikistan,2014,18.5
"Korea, Dem. People's Rep.",2010,42.9
"Korea, Rep.",2010,2.5
Kuwait,2010,2.5
Kyrgyz Republic,2010,7.7
Latvia,2010,2.5
Lebanon,2010,3.9
Liberia,2010,35.2
Libya,2010,7.1
Portugal,2019,2.5
Romania,2019,2.5
Russian Federation,2019,2.5
Rwanda,2019,35.6
Samoa,2019,4.5
São Tomé and Príncipe,2019,16.9
Saudi Arabia,2019,2.5
Senegal,2019,6.2
Trinidad and Tobago,2002,10.9
Tunisia,2002,4.1
Türkiye,2002,13.9
Turkmenistan,2002,5.2
Uganda,2002,19.5
Ukraine,2002,2.5
United Arab Emirates,2002,2.5
United Kingdom,2002,2.5
United States,2002,2.5
Uruguay,2002,3.3
Uzbekistan,2002,20.4
Latvia,2004,2.5
Lebanon,2004,8.2
Liberia,2004,36.0
Libya,2004,4.6
Lithuania,2004,2.5
Luxembourg,2004,2.5
"Macao SAR, China",2004,16.4
Madagascar,2004,34.6
Malawi,2004,23.2
Malaysia,2004,3.1
Romania,2008,2.5
Russian Federation,2008,2.5
Rwanda,2008,36.5
Samoa,2008,4.3
São Tomé and Príncipe,2008,13.0
Saudi Arabia,2008,3.4
Senegal,2008,10.9
Serbia,2008,2.5
Seychelles,2008,3.9
Sierra Leone,2008,28.1
Liberia,2009,34.8
Libya,2009,6.3
Lithuania,2009,2.5
Luxembourg,2009,2.5
"Macao SAR, China",2009,11.3
Madagascar,2009,29.4
Malawi,2009,14.7
Malaysia,2009,3.8
Mali,2009,6.7
Guinea-Bissau,2007,20.0
Guyana,2007,8.2
Haiti,2007,44.0
Honduras,2007,15.9
"Hong Kong SAR, China",2007,2.5
Hungary,2007,2.5
Iceland,2007,2.5
India,2007,16.6
Indonesia,2007,17.5
"Iran, Islamic Rep.",2007,7.4
Iraq,2007,16.4
Tunisia,2010,3.4
Türkiye,2010,2.5
Turkmenistan,2010,4.7
Uganda,2010,17.6
Ukraine,2010,2.5
United Arab Emirates,2010,5.6
United Kingdom,2010,2.5
United States,2010,2.5
Uruguay,2010,2.5
Uzbekistan,2010,3.6
Vanuatu,2010,6.9
Panama,2010,8.9
Papua New Guinea,2010,29.9
Paraguay,2010,2.5
Peru,2010,8.5
Philippines,2010,15.7
Poland,2010,2.5
Portugal,2010,2.5
Romania,2010,2.5
Cyprus,2016,2.5
Czechia,2016,2.5
Denmark,2016,2.5
Djibouti,2016,12.7
Dominica,2016,4.9
Dominican Republic,2016,6.7
Ecuador,2016,9.5
"Egypt, Arab Rep.",2016,6.6
El Salvador,2016,8.4
Guatemala,2010,15.6
Guinea,2010,18.1
Guinea-Bissau,2010,22.6
Guyana,2010,9.7
Haiti,2010,39.5
Honduras,2010,13.2
"Hong Kong SAR, China",2010,2.5
Hungary,2010,2.5
Iceland,2010,2.5
India,2010,14.6
Indonesia,2010,12.9
Dominican Republic,2011,11.6
Ecuador,2011,8.0
"Egypt, Arab Rep.",2011,5.2
El Salvador,2011,9.0
Estonia,2011,2.5
Eswatini,2011,24.0
Ethiopia,2011,21.2
Fiji,2011,7.3
Finland,2011,2.5
Mexico,2006,3.7
Moldova,2006,30.6
Mongolia,2006,26.5
Montenegro,2006,3.0
Morocco,2006,4.8
Mozambique,2006,27.3
Myanmar,2006,21.0
Namibia,2006,22.0
Nepal,2006,16.0
Netherlands,2006,2.5
New Caledonia,2006,8.9
United Kingdom,2006,2.5
United States,2006,2.5
Uruguay,2006,2.5
Uzbekistan,2006,10.3
Vanuatu,2006,8.0
"Venezuela, RB",2006,6.5
Vietnam,2006,14.9
Zambia,2006,48.1
Zimbabwe,2006,28.7
Montenegro,2007,2.5
Morocco,2007,4.8
Mozambique,2007,25.4
Myanmar,2007,17.4
Namibia,2007,24.1
Nepal,2007,14.9
Netherlands,2007,2.5
New Caledonia,2007,9.0
New Zealand,2007,2.5
Nicaragua,2007,20.4
Niger,2007,16.1
Hungary,2019,2.5
Iceland,2019,2.5
India,2019,11.8
Indonesia,2019,6.4
"Iran, Islamic Rep.",2019,7.7
Iraq,2019,15.4
Ireland,2019,2.5
Israel,2019,2.5
Italy,2019,2.5
Jamaica,2019,6.7
Afghanistan,2022,28.9
Albania,2022,6.2
Algeria,2022,2.5
Angola,2022,23.1
Argentina,2022,3.3
Bangladesh,2001,15.5
Barbados,2001,6.8
Belarus,2001,2.7
Belgium,2001,2.5
Belize,2001,5.7
Benin,2001,14.3
Bolivia,2001,26.6
Bosnia and Herzegovina,2001,3.6
Botswana,2001,28.1
Brazil,2001,10.5
Israel,2005,2.5
Italy,2005,2.5
Jamaica,2005,7.1
Jordan,2005,5.4
Kazakhstan,2005,7.3
Kenya,2005,28.0
Kiribati,2005,4.5
"Korea, Dem. People's Rep.",2005,34.5
"Korea, Rep.",2005,2.5
Kuwait,2005,2.5
Kyrgyz Republic,2005,7.3
Iraq,2015,15.7
Ireland,2015,2.5
Israel,2015,2.5
Italy,2015,2.5
Jamaica,2015,8.0
Jordan,2015,7.4
Kazakhstan,2015,2.5
Kenya,2015,20.8
Kiribati,2015,3.0
"Korea, Dem. People's Rep.",2015,45.2
Germany,2013,2.5
Ghana,2013,8.0
Greece,2013,2.5
Guatemala,2013,15.8
Guinea,2013,14.2
Guinea-Bissau,2013,29.1
Guyana,2013,6.9
Haiti,2013,39.0
Honduras,2013,13.7
"Hong Kong SAR, China",2013,2.5
Netherlands,2001,2.5
New Caledonia,2001,8.1
New Zealand,2001,2.5
Nicaragua,2001,25.8
Niger,2001,23.1
Nigeria,2001,8.7
North Macedonia,2001,6.7
Norway,2001,2.5
Oman,2001,16.3
Pakistan,2001,20.4
Panama,2001,23.2
Papua New Guinea,2001,26.7
Malta,2009,2.5
Mauritania,2009,7.1
Mauritius,2009,5.5
Mexico,2009,4.1
Moldova,2009,17.9
Mongolia,2009,19.8
Montenegro,2009,2.5
Morocco,2009,4.8
Mozambique,2009,21.7
Iraq,2020,15.1
Ireland,2020,2.5
Israel,2020,2.5
Italy,2020,2.5
Jamaica,2020,7.0
Jordan,2020,15.2
Kazakhstan,2020,2.5
Kenya,2020,26.3
Kiribati,2020,4.5
Israel,2023,2.5
Italy,2023,2.5
Jamaica,2023,7.7
Jordan,2023,14.3
Kazakhstan,2023,2.5
Kenya,2023,36.8
Kiribati,2023,4.1
"Korea, Rep.",2023,2.5
Kuwait,2023,2.5
Kyrgyz Republic,2023,5.1
Bulgaria,2001,4.9
Burkina Faso,2001,22.4
Cabo Verde,2001,16.2
Cambodia,2001,19.7
Cameroon,2001,24.2
Canada,2001,2.5
Central African Republic,2001,35.9
Chad,2001,34.4
Chile,2001,2.9
China,2001,10.0
Bolivia,2023,21.8
Bosnia and Herzegovina,2023,2.5
Botswana,2023,24.0
Brazil,2023,2.5
Bulgaria,2023,2.5
Burkina Faso,2023,13.1
Cabo Verde,2023,13.5
Cambodia,2023,5.2
Cameroon,2023,4.8
Canada,2023,2.5
New Zealand,2006,2.5
Nicaragua,2006,20.9
Niger,2006,17.0
Nigeria,2006,9.2
North Macedonia,2006,4.1
Norway,2006,2.5
Oman,2006,8.3
Pakistan,2006,15.7
Panama,2006,13.5
Papua New Guinea,2006,27.9
"Gambia, The",2018,15.0
Georgia,2018,5.4
Germany,2018,2.5
Ghana,2018,7.5
Greece,2018,2.5
Guatemala,2018,14.0
Guinea,2018,13.4
Guinea-Bissau,2018,12.4
Guyana,2018,2.9
Angola,2002,63.6
Argentina,2002,3.7
Armenia,2002,26.9
Australia,2002,2.5
Austria,2002,2.5
Azerbaijan,2002,14.4
Bangladesh,2002,14.6
Barbados,2002,6.4
Suriname,2009,7.4
Sweden,2009,2.5
Switzerland,2009,2.5
Syrian Arab Republic,2009,5.4
Tajikistan,2009,26.6
Tanzania,2009,24.6
Thailand,2009,10.4
Timor-Leste,2009,21.1
Togo,2009,19.9
Trinidad and Tobago,2009,8.8
Afghanistan,2020,27.5
Albania,2020,5.4
Algeria,2020,2.5
Angola,2020,20.8
Argentina,2020,3.5
Tunisia,2009,3.4
Türkiye,2009,2.5
Turkmenistan,2009,4.6
Uganda,2009,18.7
Ukraine,2009,2.5
United Arab Emirates,2009,5.9
United Kingdom,2009,2.5
United States,2009,2.5
Uruguay,2009,2.5
Uzbekistan,2009,4.8
Vanuatu,2009,7.0
Saudi Arabia,2023,2.5
Senegal,2023,5.1
Serbia,2023,2.5
Seychelles,2023,2.5
Sierra Leone,2023,24.1
Slovak Republic,2023,3.1
Slovenia,2023,2.5
Solomon Islands,2023,20.0
"Somalia, Federal Republic of",2023,53.2
South Africa,2023,10.0
South Sudan,2023,22.3
Spain,2023,2.5
El Salvador,2008,9.7
Estonia,2008,2.5
Eswatini,2008,19.6
Ethiopia,2008,26.3
Fiji,2008,6.2
Finland,2008,2.5
France,2008,2.5
French Polynesia,2008,5.6
Gabon,2008,14.3
"Gambia, The",2008,12.0
Ukraine,2004,2.5
United Arab Emirates,2004,2.5
United Kingdom,2004,2.5
United States,2004,2.5
Uruguay,2004,2.6
Uzbekistan,2004,16.0
Vanuatu,2004,8.7
"Venezuela, RB",2004,9.3
Vietnam,2004,15.3
Zambia,2004,49.5
Mali,2014,5.0
Malta,2014,2.5
Mauritania,2014,6.3
Mauritius,2014,6.8
Mexico,2014,3.7
Moldova,2014,3.8
Mongolia,2014,10.6
Oman,2008,5.5
Pakistan,2008,15.1
Panama,2008,11.2
Papua New Guinea,2008,27.6
Paraguay,2008,3.6
Peru,2008,11.0
Philippines,2008,16.4
Poland,2008,2.5
Portugal,2008,2.5
Uganda,2021,25.6
Ukraine,2021,5.3
United Arab Emirates,2021,2.5
United Kingdom,2021,2.5
United States,2021,2.5
Uruguay,2021,2.5
Uzbekistan,2021,2.5
Vanuatu,2021,8.3
"Venezuela, RB",2021,13.0
Vietnam,2021,5.6
"Somalia, Federal Republic of",2011,71.5
South Africa,2011,5.0
Spain,2011,2.5
Sri Lanka,2011,10.8
St. Vincent and the Grenadines,2011,5.3
Suriname,2011,8.2
Sweden,2011,2.5
Switzerland,2011,2.5
Jamaica,2003,6.8
Jordan,2003,6.0
Kazakhstan,2003,7.1
Kenya,2003,34.5
Kiribati,2003,4.6
"Korea, Dem. People's Rep.",2003,32.9
"Korea, Rep.",2003,2.7
Kuwait,2003,2.5
Kyrgyz Republic,2003,8.9
Latvia,2003,3.0
Lebanon,2003,8.5
New Caledonia,2002,8.3
New Zealand,2002,2.5
Nicaragua,2002,23.6
Niger,2002,22.2
Nigeria,2002,8.7
North Macedonia,2002,6.8
Norway,2002,2.5
Oman,2002,15.1
Pakistan,2002,21.0
Panama,2002,19.4
Papua New Guinea,2002,27.4
Togo,2003,27.7
Trinidad and Tobago,2003,11.6
Tunisia,2003,4.2
Türkiye,2003,13.7
Turkmenistan,2003,4.5
Uganda,2003,18.4
Ukraine,2003,2.5
United Arab Emirates,2003,2.5
United Kingdom,2003,2.5
United States,2003,2.5
Latvia,2023,2.5
Lebanon,2023,8.7
Liberia,2023,35.5
Libya,2023,16.5
Lithuania,2023,2.5
Luxembourg,2023,2.5
"Macao SAR, China",2023,11.2
Madagascar,2023,39.5
Malawi,2023,21.4
Malaysia,2023,2.5
Mali,2023,12.3
Germany,2019,2.5
Ghana,2019,6.6
Greece,2019,2.5
Guatemala,2019,14.0
Guinea,2019,12.5
Guinea-Bissau,2019,13.1
Guyana,2019,2.7
Haiti,2019,42.6
Honduras,2019,13.5
"Hong Kong SAR, China",2019,2.5
Samoa,2021,4.5
São Tomé and Príncipe,2021,16.0
Saudi Arabia,2021,2.5
Senegal,2021,5.2
Serbia,2021,2.5
Seychelles,2021,2.5
Sierra Leone,2021,26.3
Slovak Republic,2021,3.0
Slovenia,2021,2.5
Solomon Islands,2021,22.0
Estonia,2009,2.5
Eswatini,2009,23.3
Ethiopia,2009,23.9
Fiji,2009,6.8
Finland,2009,2.5
France,2009,2.5
French Polynesia,2009,5.1
Gabon,2009,14.4
"Gambia, The",2009,10.5
Georgia,2009,7.6
Comoros,2020,14.3
"Congo, Dem. Rep.",2020,35.2
"Congo, Rep.",2020,27.7
Costa Rica,2020,2.5
Côte d’Ivoire,2020,9.2
Croatia,2020,2.5
Cyprus,2020,2.5
Czechia,2020,2.5
Denmark,2020,2.5
Saudi Arabia,2001,4.6
Senegal,2001,21.1
Serbia,2001,4.8
Seychelles,2001,2.5
Sierra Leone,2001,50.0
Slovak Republic,2001,6.2
Slovenia,2001,2.5
Solomon Islands,2001,11.2
"Somalia, Federal Republic of",2001,70.0
South Africa,2001,3.6
Spain,2001,2.5
Sri Lanka,2001,16.8
Paraguay,2006,6.0
Peru,2006,14.9
Philippines,2006,17.0
Poland,2006,2.5
Portugal,2006,2.5
Romania,2006,2.5
Russian Federation,2006,2.5
Rwanda,2006,36.6
Samoa,2006,4.1
São Tomé and Príncipe,2006,10.6
Mauritania,2003,9.5
Mauritius,2003,5.6
Mexico,2003,3.8
Moldova,2003,29.6
Mongolia,2003,29.6
Montenegro,2003,7.5
Morocco,2003,5.1
Mozambique,2003,32.8
Myanmar,2003,32.6
Namibia,2003,17.7
Nepal,2003,20.0
Luxembourg,2006,2.5
"Macao SAR, China",2006,13.9
Madagascar,2006,30.6
Malawi,2006,19.3
Malaysia,2006,3.4
Mali,2006,9.8
Malta,2006,2.5
Mauritania,2006,9.3
Mauritius,2006,5.4
Gabon,2003,13.1
"Gambia, The",2003,19.9
Georgia,2003,4.3
Germany,2003,2.5
Ghana,2003,12.6
Greece,2003,2.5
Guatemala,2003,19.2
Guinea,2003,16.9
Guinea-Bissau,2003,16.9
Guyana,2003,6.1
Spain,2016,2.5
Sri Lanka,2016,4.1
St. Vincent and the Grenadines,2016,4.7
Sudan,2016,9.8
Suriname,2016,9.3
Sweden,2016,2.5
Switzerland,2016,2.5
Syrian Arab Republic,2016,14.2
Tajikistan,2016,13.9
Sweden,2010,2.5
Switzerland,2010,2.5
Syrian Arab Republic,2010,5.5
Tajikistan,2010,24.2
Tanzania,2010,23.7
Thailand,2010,10.2
Timor-Leste,2010,19.0
Togo,2010,19.6
Trinidad and Tobago,2010,8.0
Algeria,2003,6.4
Angola,2003,57.5
Argentina,2003,4.3
Armenia,2003,23.5
Australia,2003,2.5
Austria,2003,2.5
Azerbaijan,2003,11.4
Bangladesh,2003,14.8
Barbados,2003,6.0
Finland,2010,2.5
France,2010,2.5
French Polynesia,2010,4.8
Gabon,2010,14.0
"Gambia, The",2010,9.7
Georgia,2010,8.0
Germany,2010,2.5
Ghana,2010,6.9
Greece,2010,2.5
Belarus,2002,3.7
Belgium,2002,2.5
Belize,2002,5.4
Benin,2002,12.8
Bolivia,2002,25.8
Bosnia and Herzegovina,2002,3.3
Botswana,2002,28.5
Brazil,2002,9.1
Bulgaria,2002,5.2
Uganda,2018,35.9
Ukraine,2018,3.0
United Arab Emirates,2018,2.9
United Kingdom,2018,2.5
United States,2018,2.5
Uruguay,2018,2.5
Uzbekistan,2018,2.5
Vanuatu,2018,7.6
"Venezuela, RB",2018,23.4
Vietnam,2018,6.9
Mali,2008,7.4
Malta,2008,2.5
Mauritania,2008,7.3
Mauritius,2008,5.4
Mexico,2008,3.9
Moldova,2008,22.9
Mongolia,2008,21.9
Montenegro,2008,2.5
Morocco,2008,4.8
Mozambique,2008,23.6
Greece,2021,2.5
Guatemala,2021,12.9
Guinea,2021,10.4
Guinea-Bissau,2021,19.5
Guyana,2021,2.5
Haiti,2021,47.8
Honduras,2021,14.1
"Hong Kong SAR, China",2021,2.7
Hungary,2021,2.5
Iceland,2021,2.5
India,2021,14.3
Bangladesh,2019,10.9
Barbados,2019,2.8
Belarus,2019,2.5
Belgium,2019,2.5
Belize,2019,5.0
Benin,2019,11.8
Bolivia,2019,13.6
Bosnia and Herzegovina,2019,2.5
Botswana,2019,22.8
Nepal,2015,7.1
Netherlands,2015,2.5
New Caledonia,2015,7.8
New Zealand,2015,2.5
Nicaragua,2015,17.2
Niger,2015,12.7
Nigeria,2015,10.7
North Macedonia,2015,3.5
Norway,2015,2.5
Oman,2015,7.2
Australia,2011,2.5
Austria,2011,2.5
Azerbaijan,2011,2.5
Bangladesh,2011,18.0
Barbados,2011,2.5
Belarus,2011,2.5
Belgium,2011,2.5
Belize,2011,5.1
Benin,2011,9.6
Lebanon,2019,7.1
Liberia,2019,36.6
Libya,2019,13.2
Lithuania,2019,2.5
Luxembourg,2019,2.5
"Macao SAR, China",2019,7.3
Madagascar,2019,38.9
Malawi,2019,19.3
Malaysia,2019,2.8
Ethiopia,2023,19.7
Fiji,2023,6.8
Finland,2023,2.5
France,2023,2.5
French Polynesia,2023,3.8
Gabon,2023,25.3
"Gambia, The",2023,16.8
Georgia,2023,2.5
Germany,2023,2.5
Ghana,2023,6.3
Greece,2023,2.5
Guatemala,2023,11.8
Serbia,2019,2.5
Seychelles,2019,2.7
Sierra Leone,2019,27.8
Slovak Republic,2019,2.8
Slovenia,2019,2.5
Solomon Islands,2019,19.0
"Somalia, Federal Republic of",2019,53.9
South Africa,2019,7.2
Spain,2019,2.5
Sri Lanka,2019,3.8
Jamaica,2001,7.2
Jordan,2001,9.0
Kazakhstan,2001,6.5
Kenya,2001,31.8
Kiribati,2001,4.3
"Korea, Dem. People's Rep.",2001,35.9
"Korea, Rep.",2001,2.5
Kuwait,2001,2.5
Kyrgyz Republic,2001,12.9
Latvia,2001,5.2
Lebanon,2001,7.4
Philippines,2017,7.8
Poland,2017,2.5
Portugal,2017,2.5
Romania,2017,2.5
Russian Federation,2017,2.5
Rwanda,2017,31.9
Samoa,2017,4.9
São Tomé and Príncipe,2017,17.9
Mali,2004,12.4
Malta,2004,2.5
Mauritania,2004,9.5
Mauritius,2004,5.6
Mexico,2004,4.1
Moldova,2004,31.7
Mongolia,2004,29.5
Montenegro,2004,5.7
Morocco,2004,4.9
Mauritius,2002,5.8
Mexico,2002,3.2
Moldova,2002,26.9
Mongolia,2002,29.5
Montenegro,2002,9.0
Morocco,2002,5.4
Mozambique,2002,34.9
Myanmar,2002,35.8
Namibia,2002,16.5
Nepal,2002,22.0
Netherlands,2002,2.5
Armenia,2007,7.7
Australia,2007,2.5
Austria,2007,2.5
Azerbaijan,2007,2.5
Bangladesh,2007,16.1
Barbados,2007,3.6
Belarus,2007,2.5
Belgium,2007,2.5
Belize,2007,4.9
Latin America & Caribbean (IDA & IBRD),2006,7.98
"Middle East, North Africa, Afghanistan & Pakistan",2006,10.52
"Middle East, North Africa, Afghanistan & Pakistan (excluding high income)",2006,11.04
"Middle East, North Africa, Afghanistan & Pakistan (IDA & IBRD)",2006,11.04
Bulgaria,2006,6.3
Burkina Faso,2006,16.5
Cabo Verde,2006,13.1
Cambodia,2006,14.4
Cameroon,2006,11.2
Canada,2006,2.5
Central African Republic,2006,33.0
Chad,2006,28.6
Afghanistan,2007,22.7
Albania,2007,8.2
Algeria,2007,5.3
Angola,2007,29.8
Argentina,2007,3.2
Türkiye,2005,9.4
Turkmenistan,2005,4.3
Uganda,2005,18.8
Ukraine,2005,2.5
United Arab Emirates,2005,3.1
United Kingdom,2005,2.5
United States,2005,2.5
Uruguay,2005,2.5
Uzbekistan,2005,13.0
Vanuatu,2005,8.5
"Venezuela, RB",2005,7.8
Papua New Guinea,2020,28.3
Paraguay,2020,3.4
Peru,2020,6.3
Philippines,2020,5.2
Poland,2020,2.5
Portugal,2020,2.5
Romania,2020,2.5
Russian Federation,2020,2.5
Rwanda,2020,34.7
"Congo, Dem. Rep.",2010,28.7
"Congo, Rep.",2010,40.4
Costa Rica,2010,3.1
Côte d’Ivoire,2010,16.9
Croatia,2010,2.7
Cyprus,2010,2.5
Czechia,2010,2.5
Denmark,2010,2.5
Djibouti,2010,19.5
Dominica,2010,4.4
Kyrgyz Republic,2012,6.4
Latvia,2012,2.5
Lebanon,2012,4.4
Liberia,2012,36.5
Libya,2012,9.0
Lithuania,2012,2.5
Luxembourg,2012,2.5
"Macao SAR, China",2012,8.4
Madagascar,2012,28.6
São Tomé and Príncipe,2003,12.3
Saudi Arabia,2003,4.7
Senegal,2003,18.6
Serbia,2003,3.9
Seychelles,2003,2.5
Sierra Leone,2003,47.0
Slovak Republic,2003,6.1
Slovenia,2003,2.5
Solomon Islands,2003,11.4
"Somalia, Federal Republic of",2003,69.8
South Africa,2003,3.4
Spain,2003,2.5
Paraguay,2023,5.2
Peru,2023,6.9
Philippines,2023,3.0
Poland,2023,2.5
Portugal,2023,2.5
Romania,2023,2.5
Russian Federation,2023,2.5
Rwanda,2023,24.4
Samoa,2023,3.6
São Tomé and Príncipe,2023,17.4
Russian Federation,2010,2.5
Rwanda,2010,35.7
Samoa,2010,4.6
São Tomé and Príncipe,2010,16.5
Saudi Arabia,2010,3.2
Senegal,2010,10.9
Serbia,2010,2.5
Seychelles,2010,4.9
Sierra Leone,2010,22.5
Slovak Republic,2010,5.2
Eswatini,2021,11.6
Ethiopia,2021,20.6
Fiji,2021,6.7
Finland,2021,2.5
France,2021,2.5
French Polynesia,2021,5.0
Gabon,2021,21.3
"Gambia, The",2021,18.9
Georgia,2021,4.8
Germany,2021,2.5
Ghana,2021,5.6
Estonia,2019,2.5
Eswatini,2019,11.7
Ethiopia,2019,18.5
Fiji,2019,5.6
Finland,2019,2.5
France,2019,2.5
French Polynesia,2019,6.0
Gabon,2019,18.6
"Gambia, The",2019,16.8
Georgia,2019,5.3
Cyprus,2019,2.5
Czechia,2019,2.5
Denmark,2019,2.5
Djibouti,2019,11.9
Dominica,2019,5.5
Dominican Republic,2019,6.1
Ecuador,2019,12.7
"Egypt, Arab Rep.",2019,6.6
El Salvador,2019,6.8
Niger,2018,10.9
Nigeria,2018,12.1
North Macedonia,2018,2.6
Norway,2018,2.5
Oman,2018,6.3
Pakistan,2018,10.9
Panama,2018,5.0
Papua New Guinea,2018,28.5
Paraguay,2018,2.7
Iceland,2022,2.5
India,2022,13.5
Indonesia,2022,6.6
"Iran, Islamic Rep.",2022,6.7
Iraq,2022,15.3
Ireland,2022,2.5
Israel,2022,2.5
Italy,2022,2.5
Jamaica,2022,7.5
Jordan,2022,15.1
Kazakhstan,2022,2.5
Cabo Verde,2005,12.7
Cambodia,2005,15.5
Cameroon,2005,13.8
Canada,2005,2.5
Central African Republic,2005,34.8
Chad,2005,30.9
Chile,2005,2.6
China,2005,6.9
Colombia,2005,11.0
Comoros,2005,16.3
Lithuania,2010,2.5
Luxembourg,2010,2.5
"Macao SAR, China",2010,10.2
Madagascar,2010,28.1
Malawi,2010,14.1
Malaysia,2010,3.5
Mali,2010,6.2
Malta,2010,2.5
Mauritania,2010,7.0
Mauritius,2010,5.5
France,2007,2.5
French Polynesia,2007,5.6
Gabon,2007,14.4
"Gambia, The",2007,13.7
Georgia,2007,5.9
Germany,2007,2.5
Ghana,2007,9.2
Greece,2007,2.5
Guatemala,2007,18.5
Guinea,2007,17.2
Indonesia,2021,6.6
"Iran, Islamic Rep.",2021,6.8
Iraq,2021,15.4
Ireland,2021,2.5
Israel,2021,2.5
Italy,2021,2.5
Jamaica,2021,7.6
Jordan,2021,15.4
Kazakhstan,2021,2.5
Nigeria,2007,9.4
North Macedonia,2007,3.5
Norway,2007,2.5
Oman,2007,6.8
Pakistan,2007,15.1
Panama,2007,12.3
Papua New Guinea,2007,27.2
Paraguay,2007,4.6
Peru,2007,13.0
Philippines,2007,16.7
"Congo, Dem. Rep.",2003,27.2
"Congo, Rep.",2003,26.0
Costa Rica,2003,4.9
Côte d’Ivoire,2003,18.3
Croatia,2003,5.4
Cuba,2003,2.5
Cyprus,2003,6.3
Czechia,2003,2.5
Denmark,2003,2.5
Djibouti,2003,36.5
Dominica,2003,4.6
Dominican Republic,2003,23.1
"Macao SAR, China",2011,9.4
Madagascar,2011,27.4
Malawi,2011,13.9
Malaysia,2011,3.4
Mali,2011,5.8
Malta,2011,2.5
Mauritania,2011,6.5
Mauritius,2011,6.1
Mexico,2011,3.9
European Union,2020,2.51
Bolivia,2015,16.1
Bosnia and Herzegovina,2015,2.5
Botswana,2015,20.3
Brazil,2015,2.5
Bulgaria,2015,4.1
Burkina Faso,2015,13.6
Cabo Verde,2015,16.6
Cambodia,2015,7.5
Senegal,2002,20.0
Serbia,2002,4.6
Seychelles,2002,2.5
Sierra Leone,2002,49.2
Slovak Republic,2002,6.2
Slovenia,2002,2.5
Solomon Islands,2002,11.5
"Somalia, Federal Republic of",2002,69.9
South Africa,2002,3.5
Spain,2002,2.5
Sri Lanka,2002,16.1
Georgia,2008,6.7
Germany,2008,2.5
Ghana,2008,8.1
Greece,2008,2.5
Guatemala,2008,18.1
Guinea,2008,17.7
Guinea-Bissau,2008,20.7
Guyana,2008,8.8
Haiti,2008,42.2
Dominican Republic,2007,16.7
Ecuador,2007,12.9
"Egypt, Arab Rep.",2007,5.1
El Salvador,2007,9.4
Estonia,2007,2.5
Eswatini,2007,16.4
Ethiopia,2007,29.4
Fiji,2007,5.6
Finland,2007,2.5
Belize,2005,5.0
Benin,2005,9.2
Bolivia,2005,27.6
Bosnia and Herzegovina,2005,2.5
Botswana,2005,26.9
Brazil,2005,5.7
Bulgaria,2005,6.1
Burkina Faso,2005,17.0
New Zealand,2022,2.5
Nicaragua,2022,17.3
Niger,2022,12.7
Nigeria,2022,18.7
North Macedonia,2022,2.5
Norway,2022,2.5
Oman,2022,5.9
Pakistan,2022,16.7
Panama,2022,5.8
Papua New Guinea,2022,28.8
Paraguay,2022,4.4
Côte d’Ivoire,2012,15.1
Croatia,2012,2.5
Cyprus,2012,2.5
Czechia,2012,2.5
Denmark,2012,2.5
Djibouti,2012,17.4
Dominica,2012,4.7
Dominican Republic,2012,10.4
Ecuador,2012,8.5
Cameroon,2022,5.1
Canada,2022,2.5
Central African Republic,2022,29.6
Chad,2022,30.5
Chile,2022,2.5
China,2022,2.5
Colombia,2022,4.1
Comoros,2022,16.2
"Congo, Dem. Rep.",2022,37.3
"Congo, Rep.",2022,26.8
Costa Rica,2022,2.5
Finland,2004,2.5
France,2004,2.5
French Polynesia,2004,5.7
Gabon,2004,13.8
"Gambia, The",2004,19.1
Georgia,2004,4.3
Germany,2004,2.5
Ghana,2004,12.0
Greece,2004,2.5
Guatemala,2004,19.5
Guinea,2004,16.4
Djibouti,2004,32.7
Dominica,2004,4.8
Dominican Republic,2004,23.9
Ecuador,2004,20.0
"Egypt, Arab Rep.",2004,5.8
El Salvador,2004,8.4
Estonia,2004,2.9
Eswatini,2004,9.7
Ethiopia,2004,39.1
Fiji,2004,4.0
North Macedonia,2019,2.8
Norway,2019,2.5
Oman,2019,5.9
Pakistan,2019,12.9
Panama,2019,4.5
Papua New Guinea,2019,28.2
Paraguay,2019,3.1
Peru,2019,6.2
Philippines,2019,5.8
Poland,2019,2.5
Albania,2015,4.5
Algeria,2015,2.6
Angola,2015,14.2
Argentina,2015,2.9
Armenia,2015,2.5
Australia,2015,2.5
Austria,2015,2.5
Azerbaijan,2015,2.5
South Africa,2018,6.4
Spain,2018,2.5
Sri Lanka,2018,5.3
St. Vincent and the Grenadines,2018,5.1
Sudan,2018,10.8
Suriname,2018,9.0
Sweden,2018,2.5
Switzerland,2018,2.5
Syrian Arab Republic,2018,22.8
Latin America & Caribbean (IDA & IBRD),2009,6.53
"Middle East, North Africa, Afghanistan & Pakistan",2009,9.91
"Middle East, North Africa, Afghanistan & Pakistan (excluding high income)",2009,10.44
"Middle East, North Africa, Afghanistan & Pakistan (IDA & IBRD)",2009,10.44
Pakistan,2015,13.3
Panama,2015,7.0
Papua New Guinea,2015,27.8
Paraguay,2015,2.5
Peru,2015,5.7
Philippines,2015,11.4
Poland,2015,2.5
Portugal,2015,2.5
Latin America & Caribbean (IDA & IBRD),2012,5.57
"Middle East, North Africa, Afghanistan & Pakistan",2012,10.12
"Middle East, North Africa, Afghanistan & Pakistan (excluding high income)",2012,10.69
"Middle East, North Africa, Afghanistan & Pakistan (IDA & IBRD)",2012,10.69
Mauritania,2001,9.8
Mauritius,2001,5.9
Mexico,2001,2.8
Moldova,2001,24.3
Mongolia,2001,30.1
Montenegro,2001,9.4
Morocco,2001,5.8
Mozambique,2001,36.4
Myanmar,2001,38.6
Namibia,2001,15.7
Nepal,2001,23.7
Latin America & Caribbean (IDA & IBRD),2020,5.94
Finland,2020,2.5
France,2020,2.5
French Polynesia,2020,5.3
Gabon,2020,19.7
"Gambia, The",2020,18.0
Georgia,2020,5.1
Germany,2020,2.5
Ghana,2020,5.7
Greece,2020,2.5
Saudi Arabia,2006,3.9
Senegal,2006,14.6
Serbia,2006,2.5
Seychelles,2006,3.1
Sierra Leone,2006,36.0
Slovak Republic,2006,5.7
Slovenia,2006,2.5
Solomon Islands,2006,12.9
"Somalia, Federal Republic of",2006,69.7
South Africa,2006,3.4
Spain,2006,2.5
Paraguay,2002,9.1
Peru,2002,21.8
Philippines,2002,18.3
Poland,2002,2.5
Portugal,2002,2.5
Romania,2002,2.5
Russian Federation,2002,3.3
Rwanda,2002,34.3
Samoa,2002,3.7
São Tomé and Príncipe,2002,13.8
Saudi Arabia,2002,4.8
Solomon Islands,2020,20.6
"Somalia, Federal Republic of",2020,52.1
South Africa,2020,8.6
South Sudan,2020,21.8
Spain,2020,2.5
Sri Lanka,2020,3.3
St. Vincent and the Grenadines,2020,5.8
Sudan,2020,11.1
Suriname,2020,9.0
Sweden,2020,2.5
Malaysia,2017,3.1
Mali,2017,4.6
Malta,2017,2.5
Mauritania,2017,6.6
Mauritius,2017,7.3
Mexico,2017,3.7
Moldova,2017,2.5
Mongolia,2017,6.8
Mali,2016,4.5
Malta,2016,2.5
Mauritania,2016,6.7
Mauritius,2016,7.2
Mexico,2016,3.7
Moldova,2016,2.5
Mongolia,2016,8.1
Montenegro,2016,2.5
Papua New Guinea,2021,27.9
Paraguay,2021,3.9
Peru,2021,6.5
Philippines,2021,4.6
Poland,2021,2.5
Portugal,2021,2.5
Romania,2021,2.5
Russian Federation,2021,2.5
Rwanda,2021,31.0
French Polynesia,2005,5.6
Gabon,2005,14.3
"Gambia, The",2005,17.6
Georgia,2005,4.8
Germany,2005,2.5
Ghana,2005,11.1
Greece,2005,2.5
Guatemala,2005,19.2
Guinea,2005,16.4
Guinea-Bissau,2005,18.6
Colombia,2004,10.4
Comoros,2004,16.6
"Congo, Dem. Rep.",2004,27.3
"Congo, Rep.",2004,27.2
Costa Rica,2004,4.5
Côte d’Ivoire,2004,17.9
Croatia,2004,4.3
Cuba,2004,2.5
Cyprus,2004,5.7
Czechia,2004,2.5
Denmark,2004,2.5
Ecuador,2002,21.8
"Egypt, Arab Rep.",2002,5.0
El Salvador,2002,6.9
Estonia,2002,3.5
Eswatini,2002,9.2
Ethiopia,2002,43.2
Fiji,2002,3.5
Finland,2002,2.5
France,2002,2.5
French Polynesia,2002,6.1
Gabon,2002,12.0
St. Vincent and the Grenadines,2002,11.3
Suriname,2002,10.9
Sweden,2002,2.5
Switzerland,2002,2.5
Syrian Arab Republic,2002,7.1
Tajikistan,2002,41.3
Tanzania,2002,33.6
Thailand,2002,16.3
Timor-Leste,2002,43.4
Togo,2002,28.8
Vietnam,2023,5.3
Zambia,2023,37.2
Zimbabwe,2023,19.7
Dominica,2001,3.7
Dominican Republic,2001,19.7
Ecuador,2001,20.0
"Egypt, Arab Rep.",2001,4.8
El Salvador,2001,6.9
Estonia,2001,3.6
Eswatini,2001,9.8
Ethiopia,2001,46.1
Fiji,2001,3.6
Finland,2001,2.5
Côte d’Ivoire,2008,17.5
Croatia,2008,2.5
Cyprus,2008,2.5
Czechia,2008,2.5
Denmark,2008,2.5
Djibouti,2008,20.2
Dominica,2008,3.7
Dominican Republic,2008,14.7
Ecuador,2008,11.1
"Egypt, Arab Rep.",2008,5.0
Croatia,2017,2.5
Cyprus,2017,2.5
Czechia,2017,2.5
Denmark,2017,2.5
Djibouti,2017,12.6
Dominica,2017,5.5
Dominican Republic,2017,5.9
Ecuador,2017,10.4
"Egypt, Arab Rep.",2017,6.6
El Salvador,2017,7.6
"Congo, Dem. Rep.",2007,27.6
"Congo, Rep.",2007,32.6
Costa Rica,2007,3.0
Côte d’Ivoire,2007,17.5
Croatia,2007,2.5
Cyprus,2007,3.0
Czechia,2007,2.5
Denmark,2007,2.5
Djibouti,2007,22.1
Dominica,2007,4.2
Trinidad and Tobago,2015,7.0
Tunisia,2015,2.8
Türkiye,2015,2.5
Turkmenistan,2015,3.4
Uganda,2015,30.6
Ukraine,2015,2.5
United Arab Emirates,2015,3.6
United Kingdom,2015,2.5
United States,2015,2.5
Philippines,2014,12.9
Poland,2014,2.5
Portugal,2014,2.5
Romania,2014,2.5
Russian Federation,2014,2.5
Rwanda,2014,37.1
Samoa,2014,4.4
São Tomé and Príncipe,2014,18.1
Saudi Arabia,2014,2.7
Netherlands,2020,2.5
New Caledonia,2020,5.7
New Zealand,2020,2.5
Nicaragua,2020,16.6
Niger,2020,10.9
Nigeria,2020,15.8
North Macedonia,2020,2.8
Norway,2020,2.5
Oman,2020,5.8
Pakistan,2020,13.4
Panama,2020,4.8
Australia,2010,2.5
Austria,2010,2.5
Azerbaijan,2010,2.5
Bangladesh,2010,18.2
Barbados,2010,2.5
Belarus,2010,2.5
Belgium,2010,2.5
Belize,2010,4.9
Benin,2010,9.1
Malta,2023,2.5
Mauritania,2023,8.7
Mauritius,2023,8.7
Mexico,2023,2.7
Moldova,2023,2.5
Mongolia,2023,2.5
Montenegro,2023,2.5
Morocco,2023,7.0
Mozambique,2023,21.8
Myanmar,2023,5.4
Namibia,2023,18.1
Netherlands,2021,2.5
New Caledonia,2021,5.4
New Zealand,2021,2.5
Nicaragua,2021,17.0
Niger,2021,11.4
Nigeria,2021,17.6
North Macedonia,2021,2.9
Norway,2021,2.5
Oman,2021,5.7
Pakistan,2021,16.4
Panama,2021,5.3
Paraguay,2001,10.3
Peru,2001,20.4
Philippines,2001,18.5
Poland,2001,2.5
Portugal,2001,2.5
Romania,2001,2.5
Russian Federation,2001,4.2
Rwanda,2001,37.6
Samoa,2001,3.8
São Tomé and Príncipe,2001,15.5
Belize,2020,5.0
Benin,2020,11.7
Bolivia,2020,16.0
Bosnia and Herzegovina,2020,2.5
Botswana,2020,22.8
Brazil,2020,2.8
Bulgaria,2020,2.8
Burkina Faso,2020,14.9
"Gambia, The",2012,10.2
Georgia,2012,7.8
Germany,2012,2.5
Ghana,2012,7.7
Greece,2012,2.5
Guatemala,2012,15.4
Guinea,2012,15.5
Guinea-Bissau,2012,25.1
Guyana,2012,8.0
Liberia,2002,36.2
Libya,2002,4.0
Lithuania,2002,2.5
Luxembourg,2002,2.5
"Macao SAR, China",2002,19.4
Madagascar,2002,34.8
Malawi,2002,23.4
Malaysia,2002,2.8
Mali,2002,13.3
Malta,2002,2.5
Mauritania,2002,9.2
Slovenia,2010,2.5
Solomon Islands,2010,14.8
"Somalia, Federal Republic of",2010,72.5
South Africa,2010,4.5
Spain,2010,2.5
Sri Lanka,2010,11.0
St. Vincent and the Grenadines,2010,5.5
Suriname,2010,7.6
Austria,2008,2.5
Azerbaijan,2008,2.5
Bangladesh,2008,16.9
Barbados,2008,3.1
Belarus,2008,2.5
Belgium,2008,2.5
Belize,2008,4.8
Benin,2008,8.2
"Congo, Rep.",2011,40.5
Costa Rica,2011,3.1
Côte d’Ivoire,2011,16.0
Croatia,2011,2.8
Cyprus,2011,2.5
Czechia,2011,2.5
Denmark,2011,2.5
Djibouti,2011,18.8
Dominica,2011,4.7
Argentina,2005,3.6
Armenia,2005,14.8
Australia,2005,2.5
Austria,2005,2.5
Azerbaijan,2005,5.3
Bangladesh,2005,15.1
Barbados,2005,4.7
Belarus,2005,3.4
Belgium,2005,2.5
Colombia,2001,8.6
Comoros,2001,24.7
"Congo, Dem. Rep.",2001,26.8
"Congo, Rep.",2001,26.3
Costa Rica,2001,4.6
Côte d’Ivoire,2001,18.9
Croatia,2001,10.6
Cuba,2001,2.5
Cyprus,2001,5.9
Czechia,2001,2.5
Denmark,2001,2.5
Djibouti,2001,40.8
St. Vincent and the Grenadines,2015,4.7
Sudan,2015,8.9
Suriname,2015,8.6
Sweden,2015,2.5
Switzerland,2015,2.5
Syrian Arab Republic,2015,11.5
Tajikistan,2015,16.1
Tanzania,2015,21.3
Thailand,2015,7.8
Timor-Leste,2015,14.9
Togo,2015,20.1
Ecuador,2003,21.2
"Egypt, Arab Rep.",2003,5.5
El Salvador,2003,7.6
Estonia,2003,3.4
Eswatini,2003,8.8
Ethiopia,2003,41.6
Fiji,2003,3.6
Finland,2003,2.5
France,2003,2.5
French Polynesia,2003,5.8
Nepal,2023,5.3
Netherlands,2023,2.5
New Caledonia,2023,4.9
New Zealand,2023,2.5
Niger,2023,12.9
Nigeria,2023,19.9
North Macedonia,2023,2.5
Norway,2023,2.5
Oman,2023,5.9
Pakistan,2023,16.5
Panama,2023,5.7
Papua New Guinea,2023,28.7
"Korea, Rep.",2020,2.5
Kuwait,2020,2.5
Kyrgyz Republic,2020,5.2
Latvia,2020,2.5
Lebanon,2020,9.1
Liberia,2020,37.5
Libya,2020,14.5
Lithuania,2020,2.5
Bangladesh,2015,15.2
Barbados,2015,2.5
Belarus,2015,2.5
Belgium,2015,2.5
Belize,2015,6.5
Benin,2015,9.1
Jordan,2002,7.2
Kazakhstan,2002,6.6
Kenya,2002,33.3
Kiribati,2002,4.4
"Korea, Dem. People's Rep.",2002,35.2
"Korea, Rep.",2002,2.6
Kuwait,2002,2.5
Kyrgyz Republic,2002,11.0
Latvia,2002,3.7
Lebanon,2002,8.1
European Union,2022,2.51
Latin America & Caribbean (IDA & IBRD),2022,5.72
Albania,2004,8.5
Algeria,2004,6.4
Angola,2004,50.6
Argentina,2004,3.9
Armenia,2004,18.4
Australia,2004,2.5
Austria,2004,2.5
Azerbaijan,2004,8.2
Solomon Islands,2004,11.9
"Somalia, Federal Republic of",2004,69.7
South Africa,2004,3.3
Spain,2004,2.5
Sri Lanka,2004,15.2
St. Vincent and the Grenadines,2004,8.2
Suriname,2004,9.4
Sweden,2004,2.5
Switzerland,2004,2.5
Afghanistan,2001,45.8
Albania,2001,4.8
Algeria,2001,7.3
Angola,2001,67.8
Argentina,2001,3.0
Armenia,2001,28.6
Australia,2001,2.5
Austria,2001,2.5
Azerbaijan,2001,17.8
Papua New Guinea,2003,28.1
Paraguay,2003,8.6
Peru,2003,22.1
Philippines,2003,17.8
Poland,2003,2.5
Portugal,2003,2.5
Romania,2003,2.5
Russian Federation,2003,2.7
Rwanda,2003,33.6
Samoa,2003,3.7
Sri Lanka,2006,13.5
St. Vincent and the Grenadines,2006,6.7
Suriname,2006,8.0
Sweden,2006,2.5
Switzerland,2006,2.5
Syrian Arab Republic,2006,6.0
Tajikistan,2006,35.1
Tanzania,2006,27.0
Spain,2012,2.5
Sri Lanka,2012,10.0
St. Vincent and the Grenadines,2012,5.0
Suriname,2012,8.2
Sweden,2012,2.5
Switzerland,2012,2.5
Syrian Arab Republic,2012,7.5
Tajikistan,2012,21.4
Latin America & Caribbean (IDA & IBRD),2021,6.02
"Middle East, North Africa, Afghanistan & Pakistan",2021,12.26
"Middle East, North Africa, Afghanistan & Pakistan (excluding high income)",2021,13.11
"Middle East, North Africa, Afghanistan & Pakistan (IDA & IBRD)",2021,13.11
Kyrgyz Republic,2007,8.9
Latvia,2007,2.5
Lebanon,2007,5.4
Liberia,2007,35.1
Libya,2007,5.5
Lithuania,2007,2.5
Luxembourg,2007,2.5
"Macao SAR, China",2007,13.0
Madagascar,2007,30.2
St. Vincent and the Grenadines,2019,5.5
Sudan,2019,10.8
Suriname,2019,8.7
Sweden,2019,2.5
Switzerland,2019,2.5
Syrian Arab Republic,2019,27.4
Tajikistan,2019,9.7
Tanzania,2019,23.0
Thailand,2019,6.8
Trinidad and Tobago,2023,11.2
Tunisia,2023,3.0
Türkiye,2023,2.5
Turkmenistan,2023,4.3
Uganda,2023,22.0
Ukraine,2023,6.9
United Arab Emirates,2023,2.5
United Kingdom,2023,2.5
United States,2023,2.5
Uruguay,2023,2.5
Uzbekistan,2023,2.5
Vanuatu,2023,7.2
"Venezuela, RB",2023,5.9
Samoa,2020,4.4
São Tomé and Príncipe,2020,15.9
Saudi Arabia,2020,2.5
Senegal,2020,5.3
Serbia,2020,2.5
Seychelles,2020,2.5
Sierra Leone,2020,27.5
Slovak Republic,2020,2.7
Slovenia,2020,2.5
Kenya,2022,35.3
Kiribati,2022,4.5
"Korea, Rep.",2022,2.5
Kuwait,2022,2.5
Kyrgyz Republic,2022,5.2
Latvia,2022,2.5
Lebanon,2022,9.8
Liberia,2022,37.0
Libya,2022,16.6
Malawi,2007,17.5
Malaysia,2007,3.6
Mali,2007,8.5
Malta,2007,2.5
Mauritania,2007,8.4
Mauritius,2007,5.6
Mexico,2007,3.7
Moldova,2007,27.5
Mongolia,2007,24.5
"Congo, Dem. Rep.",2002,27.2
"Congo, Rep.",2002,25.9
Costa Rica,2002,4.8
Côte d’Ivoire,2002,18.9
Croatia,2002,7.1
Cuba,2002,2.5
Cyprus,2002,6.4
Czechia,2002,2.5
Denmark,2002,2.5
Djibouti,2002,39.4
Dominica,2002,4.1
Dominican Republic,2002,21.7
Croatia,2009,2.5
Cyprus,2009,2.5
Czechia,2009,2.5
Denmark,2009,2.5
Djibouti,2009,20.0
Dominica,2009,4.1
Dominican Republic,2009,13.5
Ecuador,2009,9.5
"Egypt, Arab Rep.",2009,4.9
El Salvador,2009,9.5
Kiribati,2006,4.4
"Korea, Dem. People's Rep.",2006,37.0
"Korea, Rep.",2006,2.5
Kuwait,2006,2.5
Kyrgyz Republic,2006,8.0
Latvia,2006,2.5
Lebanon,2006,6.2
Liberia,2006,35.4
Libya,2006,5.2
Lithuania,2006,2.5
Malawi,2018,18.3
Malaysia,2018,2.9
Mali,2018,4.6
Malta,2018,2.5
Mauritania,2018,6.5
Mauritius,2018,7.1
Mexico,2018,3.6
Moldova,2018,2.5
Ecuador,2015,8.8
"Egypt, Arab Rep.",2015,6.5
El Salvador,2015,9.1
Estonia,2015,2.5
Eswatini,2015,16.2
Ethiopia,2015,13.6
Fiji,2015,7.2
Finland,2015,2.5
Lithuania,2021,2.5
Luxembourg,2021,2.5
"Macao SAR, China",2021,10.1
Madagascar,2021,39.9
Malawi,2021,20.4
Malaysia,2021,2.5
Mali,2021,7.3
Malta,2021,2.5
Mauritania,2021,7.8
Slovak Republic,2009,4.9
Slovenia,2009,2.5
Solomon Islands,2009,14.1
"Somalia, Federal Republic of",2009,71.8
South Africa,2009,4.0
Spain,2009,2.5
Sri Lanka,2009,10.6
St. Vincent and the Grenadines,2009,5.7
St. Vincent and the Grenadines,2007,6.3
Suriname,2007,7.9
Sweden,2007,2.5
Switzerland,2007,2.5
Syrian Arab Republic,2007,5.9
Tajikistan,2007,32.2
Tanzania,2007,25.9
Thailand,2007,10.1
Timor-Leste,2007,25.3
Togo,2007,22.2
Guinea,2023,11.4
Guinea-Bissau,2023,22.1
Guyana,2023,2.5
Haiti,2023,54.2
Honduras,2023,14.8
"Hong Kong SAR, China",2023,3.1
Hungary,2023,2.5
Iceland,2023,2.5
India,2023,12.0
Indonesia,2023,6.3
"Iran, Islamic Rep.",2023,6.8
Iraq,2023,14.9
Ireland,2023,2.5
France,2001,2.5
French Polynesia,2001,6.3
Gabon,2001,10.6
"Gambia, The",2001,16.9
Georgia,2001,6.6
Germany,2001,2.5
Ghana,2001,14.8
Greece,2001,2.5
Guatemala,2001,22.4
Guinea,2001,18.0
Guinea-Bissau,2001,15.6
Guyana,2001,5.7
Mali,2019,4.8
Malta,2019,2.5
Mauritania,2019,6.6
Mauritius,2019,7.6
Mexico,2019,3.4
Moldova,2019,2.5
Mongolia,2019,5.1
Montenegro,2019,2.5
Morocco,2019,4.1
Togo,2022,11.1
Trinidad and Tobago,2022,11.9
Tunisia,2022,3.2
Türkiye,2022,2.5
Turkmenistan,2022,4.0
Uganda,2022,24.2
Ukraine,2022,6.0
United Arab Emirates,2022,2.5
United Kingdom,2022,2.5
United States,2022,2.5
Uruguay,2022,2.5
"Congo, Dem. Rep.",2005,27.3
"Congo, Rep.",2005,28.4
Costa Rica,2005,3.8
Côte d’Ivoire,2005,17.6
Croatia,2005,3.3
Cuba,2005,2.5
Cyprus,2005,4.7
Czechia,2005,2.5
Denmark,2005,2.5
Djibouti,2005,28.9
Dominica,2005,5.1
Dominican Republic,2005,21.3
Romania,2005,2.5
Russian Federation,2005,2.5
Rwanda,2005,36.7
Samoa,2005,3.7
São Tomé and Príncipe,2005,10.4
Saudi Arabia,2005,4.2
Senegal,2005,15.8
Serbia,2005,2.6
Seychelles,2005,2.8
Sierra Leone,2005,40.2
Latvia,2005,2.5
Lebanon,2005,7.1
Liberia,2005,35.7
Libya,2005,4.9
Lithuania,2005,2.5
Luxembourg,2005,2.5
"Macao SAR, China",2005,14.9
Madagascar,2005,32.9
Malawi,2005,21.5
Malaysia,2005,3.2
Liberia,2001,34.9
Libya,2001,3.7
Lithuania,2001,2.5
Luxembourg,2001,2.5
"Macao SAR, China",2001,20.1
Madagascar,2001,33.4
Malawi,2001,23.2
Malaysia,2001,2.5
Mali,2001,14.2
Malta,2001,2.5
Sri Lanka,2022,6.1
St. Vincent and the Grenadines,2022,5.9
Suriname,2022,9.9
Sweden,2022,2.5
Switzerland,2022,2.5
Syrian Arab Republic,2022,35.9
Tajikistan,2022,8.6
Tanzania,2022,21.4
Thailand,2022,5.1
Timor-Leste,2022,18.2
Poland,2007,2.5
Portugal,2007,2.5
Romania,2007,2.5
Russian Federation,2007,2.5
Rwanda,2007,36.5
Samoa,2007,4.2
São Tomé and Príncipe,2007,11.6
Saudi Arabia,2007,3.6
Senegal,2007,12.2
Serbia,2007,2.5
Syrian Arab Republic,2021,33.2
Tajikistan,2021,9.2
Tanzania,2021,22.4
Thailand,2021,5.4
Timor-Leste,2021,18.0
Togo,2021,13.7
Trinidad and Tobago,2021,11.7
Tunisia,2021,3.1
Türkiye,2021,2.5
Turkmenistan,2021,3.7
Sri Lanka,2023,7.4
St. Vincent and the Grenadines,2023,6.1
Suriname,2023,9.7
Sweden,2023,2.5
Switzerland,2023,2.5
Syrian Arab Republic,2023,39.0
Tajikistan,2023,8.4
Tanzania,2023,20.2
Thailand,2023,4.6
Timor-Leste,2023,18.7
Togo,2023,9.1
Bolivia,2022,21.6
Bosnia and Herzegovina,2022,2.5
Botswana,2022,22.5
Brazil,2022,3.2
Bulgaria,2022,2.5
Burkina Faso,2022,13.9
Cabo Verde,2022,12.8
Cambodia,2022,5.8
"Korea, Rep.",2015,2.5
Kuwait,2015,2.5
Kyrgyz Republic,2015,6.1
Latvia,2015,2.5
Lebanon,2015,5.6
Liberia,2015,35.7
Libya,2015,10.7
Lithuania,2015,2.5
Mauritius,2015,7.1
Mexico,2015,3.7
Moldova,2015,3.3
Mongolia,2015,8.9
Montenegro,2015,2.5
Morocco,2015,3.7
Mozambique,2015,39.9
Myanmar,2015,4.5
Namibia,2015,21.7
Peru,2018,6.0
Philippines,2018,6.4
Poland,2018,2.5
Portugal,2018,2.5
Romania,2018,2.5
Russian Federation,2018,2.5
Rwanda,2018,32.7
Samoa,2018,4.7
"Gambia, The",2002,18.9
Georgia,2002,5.0
Germany,2002,2.5
Ghana,2002,13.4
Greece,2002,2.5
Guatemala,2002,20.1
Guinea,2002,17.8
Guinea-Bissau,2002,16.0
Guyana,2002,5.7
Haiti,2002,50.1
Sri Lanka,2003,15.9
St. Vincent and the Grenadines,2003,9.1
Suriname,2003,10.1
Sweden,2003,2.5
Switzerland,2003,2.5
Syrian Arab Republic,2003,6.8
Tajikistan,2003,41.7
Tanzania,2003,32.1
Thailand,2003,14.9
Timor-Leste,2003,35.6
Romania,2004,2.5
Russian Federation,2004,2.5
Rwanda,2004,36.0
Samoa,2004,3.6
São Tomé and Príncipe,2004,11.1
Saudi Arabia,2004,4.5
Senegal,2004,17.1
Serbia,2004,3.1
Seychelles,2004,2.5
Sierra Leone,2004,44.4
Slovak Republic,2004,5.9
Slovenia,2004,2.5
Seychelles,2007,3.5
Sierra Leone,2007,31.9
Slovak Republic,2007,5.6
Slovenia,2007,2.5
Solomon Islands,2007,13.1
"Somalia, Federal Republic of",2007,69.7
South Africa,2007,3.5
Spain,2007,2.5
Sri Lanka,2007,12.1
Liberia,2003,35.9
Libya,2003,4.3
Lithuania,2003,2.5
Luxembourg,2003,2.5
"Macao SAR, China",2003,17.9
Madagascar,2003,36.1
Malawi,2003,24.1
Malaysia,2003,2.9
Mali,2003,13.2
Malta,2003,2.5
Côte d’Ivoire,2018,9.8
Croatia,2018,2.5
Cyprus,2018,2.5
Czechia,2018,2.5
Denmark,2018,2.5
Djibouti,2018,12.2
Dominica,2018,5.5
Dominican Republic,2018,5.6
Ecuador,2018,11.3
"Egypt, Arab Rep.",2018,6.4
Mauritius,2021,7.7
Mexico,2021,3.0
Moldova,2021,2.5
Mongolia,2021,3.1
Montenegro,2021,2.5
Morocco,2021,6.5
Mozambique,2021,22.8
Myanmar,2021,4.4
Namibia,2021,18.7
Nepal,2021,5.2
Ecuador,2005,17.4
"Egypt, Arab Rep.",2005,5.8
El Salvador,2005,8.9
Estonia,2005,2.5
Eswatini,2005,11.7
Ethiopia,2005,36.4
Fiji,2005,4.5
Finland,2005,2.5
France,2005,2.5
Armenia,2022,2.5
Australia,2022,2.5
Austria,2022,2.5
Azerbaijan,2022,2.5
Bangladesh,2022,10.6
Barbados,2022,4.2
Belarus,2022,2.5
Belgium,2022,2.5
Belize,2022,5.8
Benin,2022,13.3
Barbados,2021,4.0
Belarus,2021,2.5
Belgium,2021,2.5
Belize,2021,5.1
Benin,2021,12.5
Bolivia,2021,19.1
Bosnia and Herzegovina,2021,2.5
Botswana,2021,22.9
Brazil,2021,3.4
Luxembourg,2015,2.5
"Macao SAR, China",2015,6.2
Madagascar,2015,33.3
Malawi,2015,16.3
Malaysia,2015,3.7
Mali,2015,4.9
Malta,2015,2.5
Mauritania,2015,6.5
Kenya,2021,31.6
Kiribati,2021,4.6
"Korea, Rep.",2021,2.5
Kuwait,2021,2.5
Kyrgyz Republic,2021,5.3
Latvia,2021,2.5
Lebanon,2021,10.4
Liberia,2021,37.7
Libya,2021,16.0
Lithuania,2022,2.5
Luxembourg,2022,2.5
"Macao SAR, China",2022,10.4
Madagascar,2022,39.9
Malawi,2022,20.7
Malaysia,2022,2.5
Mali,2022,9.9
Malta,2022,2.5
Mauritania,2022,8.6
Mauritius,2022,7.9
Mexico,2022,2.8
Moldova,2022,2.5
Mongolia,2022,2.5
Montenegro,2022,2.5
Morocco,2022,6.9
Mozambique,2022,21.8
Myanmar,2022,5.2
Namibia,2022,18.4
Nepal,2022,5.4
Netherlands,2022,2.5
New Caledonia,2022,5.2
Oman,2004,12.3
Pakistan,2004,18.3
Panama,2004,16.2
Papua New Guinea,2004,29.0
Paraguay,2004,7.9
Peru,2004,20.7
Philippines,2004,17.6
Poland,2004,2.5
Portugal,2004,2.5
Slovak Republic,2008,5.1
Slovenia,2008,2.5
Solomon Islands,2008,14.1
"Somalia, Federal Republic of",2008,69.8
South Africa,2008,3.5
Spain,2008,2.5
Sri Lanka,2008,11.1
St. Vincent and the Grenadines,2008,5.9
St. Vincent and the Grenadines,2001,12.9
Suriname,2001,11.5
Sweden,2001,2.5
Switzerland,2001,2.5
Syrian Arab Republic,2001,7.5
Tajikistan,2001,40.0
Tanzania,2001,32.8
Thailand,2001,17.3
Timor-Leste,2001,54.9
Togo,2001,28.8
Peru,2022,6.6
Philippines,2022,3.5
Poland,2022,2.5
Portugal,2022,2.5
Romania,2022,2.5
Russian Federation,2022,2.5
Rwanda,2022,26.6
Samoa,2022,4.2
São Tomé and Príncipe,2022,16.7
Saudi Arabia,2022,2.5
"Somalia, Federal Republic of",2021,52.1
South Africa,2021,9.4
South Sudan,2021,21.4
Spain,2021,2.5
Sri Lanka,2021,4.6
St. Vincent and the Grenadines,2021,5.8
Sudan,2021,11.0
Suriname,2021,9.3
Sweden,2021,2.5
Switzerland,2021,2.5
Latin America & Caribbean (IDA & IBRD),2018,6.04
"Middle East, North Africa, Afghanistan & Pakistan",2018,9.34
"Middle East, North Africa, Afghanistan & Pakistan (excluding high income)",2018,9.93
"Middle East, North Africa, Afghanistan & Pakistan (IDA & IBRD)",2018,9.93
Latin America & Caribbean (IDA & IBRD),2015,5.53
"Middle East, North Africa, Afghanistan & Pakistan",2015,9.55
"Middle East, North Africa, Afghanistan & Pakistan (excluding high income)",2015,10.15
"Middle East, North Africa, Afghanistan & Pakistan (IDA & IBRD)",2015,10.15
Senegal,2022,5.1
Serbia,2022,2.5
Seychelles,2022,2.5
Sierra Leone,2022,25.2
Slovak Republic,2022,3.2
Slovenia,2022,2.5
Solomon Islands,2022,22.0
"Somalia, Federal Republic of",2022,52.8
South Africa,2022,10.0
South Sudan,2022,21.0
Spain,2022,2.5
Armenia,2023,2.5
Australia,2023,2.5
Austria,2023,2.5
Azerbaijan,2023,2.5
Bangladesh,2023,10.4
Barbados,2023,4.4
Belarus,2023,2.5
Belgium,2023,2.5
Belize,2023,7.0
Benin,2023,14.3
Norway,2005,2.5
Oman,2005,10.1
Pakistan,2005,16.9
Panama,2005,14.8
Papua New Guinea,2005,27.9
Paraguay,2005,7.4
Peru,2005,17.9
Philippines,2005,17.3
Poland,2005,2.5
Portugal,2005,2.5
Slovak Republic,2015,5.7
Slovenia,2015,2.5
Solomon Islands,2015,18.7
"Somalia, Federal Republic of",2015,60.7
South Africa,2015,6.6
Spain,2015,2.5
Sri Lanka,2015,4.5
Cyprus,2023,2.5
Czechia,2023,2.5
Denmark,2023,2.5
Djibouti,2023,12.9
Dominica,2023,3.6
Dominican Republic,2023,3.6
Ecuador,2023,12.1
"Egypt, Arab Rep.",2023,9.4
El Salvador,2023,6.7
Estonia,2023,2.5
Eswatini,2023,14.7
Czechia,2006,2.5
Denmark,2006,2.5
Djibouti,2006,24.6
Dominica,2006,4.6
Dominican Republic,2006,18.9
Ecuador,2006,15.0
"Egypt, Arab Rep.",2006,5.4
El Salvador,2006,9.2
Estonia,2006,2.5
Eswatini,2006,13.9
Estonia,2022,2.5
Eswatini,2022,13.1
Ethiopia,2022,20.2
Fiji,2022,7.3
Finland,2022,2.5
France,2022,2.5
French Polynesia,2022,4.6
Gabon,2022,23.5
"Gambia, The",2022,18.3
Georgia,2022,2.9
Germany,2022,2.5
Ghana,2022,5.9
Greece,2022,2.5
Guatemala,2022,12.1
Guinea,2022,10.4
Guinea-Bissau,2022,22.0
Guyana,2022,2.5
Haiti,2022,51.1
Honduras,2022,14.0
"Hong Kong SAR, China",2022,2.9
Hungary,2022,2.5
Czechia,2021,2.5
Denmark,2021,2.5
Djibouti,2021,12.2
Dominica,2021,5.1
Dominican Republic,2021,5.5
Ecuador,2021,13.6
"Egypt, Arab Rep.",2021,7.9
El Salvador,2021,7.0
Estonia,2021,2.5
Costa Rica,2015,2.5
Côte d’Ivoire,2015,13.5
Croatia,2015,2.5
Cyprus,2015,2.5
Czechia,2015,2.5
Denmark,2015,2.5
Djibouti,2015,13.1
Dominica,2015,4.6
Dominican Republic,2015,7.4
Slovak Republic,2005,5.6
Slovenia,2005,2.5
Solomon Islands,2005,12.2
"Somalia, Federal Republic of",2005,69.7
South Africa,2005,3.3
Spain,2005,2.5
Sri Lanka,2005,14.2
St. Vincent and the Grenadines,2005,7.4
Suriname,2005,8.8
European Union,2023,2.51
Mali,2005,11.2
Malta,2005,2.5
Mauritania,2005,10.3
Mauritius,2005,5.4
Mexico,2005,4.0
Moldova,2005,32.3
Mongolia,2005,28.4
Montenegro,2005,4.1
Morocco,2005,4.8
Côte d’Ivoire,2022,10.4
Croatia,2022,2.5
Cyprus,2022,2.5
Czechia,2022,2.5
Denmark,2022,2.5
Djibouti,2022,12.5
Dominica,2022,4.4
Dominican Republic,2022,4.4
Ecuador,2022,12.8
"Egypt, Arab Rep.",2022,8.8
El Salvador,2022,6.8
Afghanistan,2002,43.5
Albania,2002,5.9
Algeria,2002,6.7
Latin America & Caribbean (IDA & IBRD),2023,5.34
"Middle East, North Africa, Afghanistan & Pakistan",2023,12.65
"Middle East, North Africa, Afghanistan & Pakistan (excluding high income)",2023,13.58
"Middle East, North Africa, Afghanistan & Pakistan (IDA & IBRD)",2023,13.58
"Middle East, North Africa, Afghanistan & Pakistan",2022,12.59
"Middle East, North Africa, Afghanistan & Pakistan (excluding high income)",2022,13.49
"Middle East, North Africa, Afghanistan & Pakistan (IDA & IBRD)",2022,13.49
Afghanistan,2003,38.7
Albania,2003,7.3
"Middle East, North Africa, Afghanistan & Pakistan",2007,10.09
"Middle East, North Africa, Afghanistan & Pakistan (excluding high income)",2007,10.6
"Middle East, North Africa, Afghanistan & Pakistan (IDA & IBRD)",2007,10.6
Afghanistan,2004,34.6
Afghanistan,2013,19.4
Albania,2013,4.6
Afghanistan,2006,26.6
Albania,2006,8.7
Afghanistan,2021,28.8
Albania,2021,5.8
Afghanistan,2005,30.6
Albania,2005,8.8
Algeria,2005,6.1
Angola,2005,42.9
Afghanistan,2017,21.3
Albania,2017,4.3
"Middle East, North Africa, Afghanistan & Pakistan",2020,10.85
"Middle East, North Africa, Afghanistan & Pakistan (excluding high income)",2020,11.59
"Middle East, North Africa, Afghanistan & Pakistan (IDA & IBRD)",2020,11.59
Afghanistan,2019,25.1
Albania,2019,4.3
Afghanistan,2016,20.4
Albania,2016,4.4
Algeria,2016,2.6
Angola,2016,15.2
Afghanistan,2014,19.3
Albania,2014,4.6
Algeria,2014,2.7
Afghanistan,2018,22.6
Afghanistan,2023,28.1
Albania,2023,5.4
Algeria,2023,2.5
Angola,2023,22.5
Argentina,2023,3.4
Afghanistan,2015,19.9
"Middle East, North Africa, Afghanistan & Pakistan (IDA & IBRD)",2010,10.6
"Middle East, North Africa, Afghanistan & Pakistan (IDA & IBRD)",2011,10.68
"Middle East, North Africa, Afghanistan & Pakistan (excluding high income)",2008,10.44
"Middle East, North Africa, Afghanistan & Pakistan (IDA & IBRD)",2008,10.44
